id	verdict	diagnosis	admissionBlockers	ownerFailureCodes	engineAgreement	plannerOwnership	surfaceGate	mainProofSource	mainClaimScope	packetSummary	contractId	contractStatus	contractFailures	sceneType	ownerTrace	release	taxonomy	ply	fen	playedUci	enginePv	primary	bookmaker	chronicle	reason
source-evans-opsahl-1950	admit_authority_row	admit_ready	none	-	top_pv_matches_played	primary_CertifiedOwner	certified_owner_surface_not_blocking	carlsbad_fixed_target_probe	PositionLocal	proof_source=carlsbad_fixed_target_probe;proof_family=backward_pawn_targeting;scope=PositionLocal;fallback=WeakMain;same_branch=Proven;persistence=Stable;seed=c6+fixed_target:c6+queenside+backward_pawn_targeting+coordination improvement+d6+a3+supports immediate tactical gain counterplay+outpost pressure+improves piece placement+d5+contest the pawn on d5+c6+fixed_target:c6+queenside+backward_pawn_targeting+a-file;continuation=b2b4|a7a6+a6+carlsbad_fixed_target_probe+fixed_target:c6+best_branch:a2a4|e4c3+c6+a2a4+e4c3;suppression=;risks=	subplan:backward_pawn_targeting	Releasable	-	forcing_defense	scene=forcing_defense;selected=WhatMattersHere:PositionProbe:carlsbad_fixed_target_probe;candidates=ForcingDefense:source_kind=threat:materiality=owner_candidate:move_linked=true:support_material=false:mapping=ForcingDefense/move_linked:source_kinds=threat:questions=WhatMustBeStopped+WhyNow:admission_decision=PrimaryAllowed:admission_reason=forcing_defense_primary_in_forcing_scene:urgent_threat|MoveDelta:source_kind=carlsbad_fixed_target_probe_line:materiality=owner_candidate:move_linked=true:support_material=false:mapping=MoveDelta/move_linked:source_kinds=carlsbad_fixed_target_probe_line:questions=WhatChanged+WhyThis:admission_decision=SupportOnly:admission_reason=move_delta_support_only_outside_quiet_or_conversion_scene:main_move_claim|PositionProbe:source_kind=carlsbad_fixed_target_probe:materiality=owner_candidate:move_linked=false:support_material=false:mapping=PositionProbe/position_local:source_kinds=carlsbad_fixed_target_probe:questions=WhatMattersHere:admission_decision=PrimaryAllowed:admission_reason=certified_position_probe_non_tactical_forcing_scene:certified_position_probe+current_position_probe;dropped=MoveDelta:carlsbad_fixed_target_probe_line:SupportOnly+admission_SupportOnly+main_move_claim+move_delta_support_only_outside_quiet_or_conversion_scene+planner_owner=MoveDelta+planner_source=carlsbad_fixed_target_probe_line+scene=forcing_defense+state_truth_only	CertifiedOwner	source_carlsbad_fixed_target	25	r1b1rnk1/pp2qppp/2p5/3p4/3Pn3/2NBPN2/PPQ2PPP/1R3RK1 w - - 0 13	b2b4	b2b4 a7a6 a2a4 e4c3 c2c3 f8g6 b4b5 c6b5 a4b5 c8g4 b5a6 b7a6 f3d2 g6h4 c3c5 e7g5	The key strategic fact here is that c6 is the fixed target.	13. b4: The key strategic fact here is that c6 is the fixed target. If White drifts, b2b4 is the reply. One concrete line that keeps the idea in play is a) Further probe work still targets Gaining flank space with a rook pawn through a3 and b3. So the task is to keep the queenside pressure trained on c6 instead of rushing a conversion.	The key strategic fact here is that c6 is the fixed target. If White drifts, b2b4 is the reply.	exact replay and surfaces agree
source-evans-opsahl-1950-iqp-inducement	admit_authority_row	admit_ready	none	-	top_pv_matches_played	primary_SupportedLocal	supported_local_surface_passed	iqp_inducement_probe	MoveLocal	proof_source=iqp_inducement_probe;proof_family=iqp_inducement;scope=MoveLocal;fallback=WeakMain;same_branch=Proven;persistence=Stable;seed=d5+isolated_pawn:d5+iqp_inducement+coordination improvement+d6+e4+supports immediate tactical gain counterplay+central foothold+improves piece placement+c6+contest the pawn on c6+d5+isolated_pawn:d5+iqp_inducement+a-file+queenside;continuation=f1c1|h7h5+h5+iqp_inducement_branch+isolated_pawn:d5+d5+f1c1+h7h5+b4b5+c6b5;suppression=;risks=	subplan:iqp_inducement	Releasable	-	quiet_improvement	scene=quiet_improvement;selected=WhyThis:MoveDelta:iqp_inducement_probe;candidates=MoveDelta:source_kind=iqp_inducement_probe:materiality=owner_candidate:move_linked=true:support_material=false:mapping=MoveDelta/move_linked:source_kinds=iqp_inducement_probe:questions=WhatChanged+WhyThis:admission_decision=PrimaryAllowed:admission_reason=move_delta_primary_in_quiet_or_conversion_scene:main_move_claim;dropped=	SupportedLocal	source_iqp_inducement	33	r3rnk1/1p3ppp/p1p5/3p2q1/PP1P2b1/2QBP3/3N1PPP/1R3RK1 w - - 3 17	f1c1	f1c1 h7h5 b4b5 c6b5 a4b5 a6a5 d3f1 h5h4 h2h3 g4h3 d2f3 g5f6 g2h3 f6f3 f1g2 f3f5	A local reading is that this sequence leaves an isolated pawn as the local target.	A local reading is that this sequence leaves an isolated pawn as the local target.	A local reading is that this sequence leaves an isolated pawn as the local target.	exact replay and surfaces agree
source-karpov-unzicker-1974-break-prevention	reject_owner_missing	root_vocabulary_or_extraction_gap	owner:break_prevention_capture_transform_recapture_unproven	break_prevention_capture_transform_recapture_unproven	top_pv_matches_played	position_probe_missing	not_reached_no_release	-	-	-	-	-	-	quiet_improvement	scene=quiet_improvement;selected=-:-:-;candidates=DecisionTiming:source_kind=prevented_plan:materiality=owner_candidate:move_linked=true:support_material=false:mapping=DecisionTiming/move_linked:source_kinds=prevented_plan:questions=WhatChanged+WhyNow:timing_source=prevented_resource:admission_decision=SupportOnly:admission_reason=decision_timing_support_only_in_v1:prevented_resource_timing;dropped=DecisionTiming:prevented_plan:SupportOnly+decision_timing_support_only_in_v1+demote_target_unavailable+demoted_to=WhyThis+demotion_intentional_drop+generic_urgency_only+prevented_resource_timing+state_truth_only	-	source_break_prevention	31	1rbn1rk1/2q1bppp/3p1n2/1ppPp3/4P3/2P2N1P/1PBN1PP1/R1BQR1K1 w - - 0 16	b2b4	b2b4 f6e8 d2f1 f7f6 d1e2 g7g6 c3c4 b5c4 b4c5 c7c5 c1h6 e8g7 e1c1 c4c3 h6e3 c5c7 a1a7 b8b7 a7a3 f6f5	-	16. b4: This is a pawn move to b4.	This is a pawn move to b4.	admission_blocked: owner:break_prevention_capture_transform_recapture_unproven; planner_owner_missing_or_surface_unsafe: WhyThis:missing_move_owner | WhatMattersHere:position_probe_missing | WhatChanged:state_truth_only | WhyNow:generic_urgency_only+demotion_intentional_drop+demote_target_unavailable+demoted_to=WhyThis
source-karpov-andersson-1975-hedgehog-break-screen	reject_owner_missing	root_vocabulary_or_extraction_gap	owner:break_prevention_no_prevented_plan	break_prevention_no_prevented_plan	top_pv_matches_played	position_probe_missing	not_reached_no_release	-	-	-	-	-	-	quiet_improvement	scene=quiet_improvement;selected=-:-:-;candidates=;dropped=	-	source_break_prevention	47	bq1rrbk1/3n1pp1/pp1ppn1p/8/2P1P3/2N1BP2/PP1NBQPP/2RR3K w - - 6 24	a2a3	a2a3 a6a5 d2f1 d8c8 f1g3 a8b7 e3f4 b7a6 b2b3 d7e5 e2f1 e5g6 f4e3 d6d5 c4d5 a6f1 f2f1	-	24. a3: This is a pawn move to a3.	This is a pawn move to a3.	admission_blocked: owner:break_prevention_no_prevented_plan; planner_owner_missing_or_surface_unsafe: WhyThis:missing_move_owner | WhatMattersHere:position_probe_missing | WhatChanged:state_truth_only | WhyNow:generic_urgency_only+demotion_intentional_drop+demote_target_unavailable+demoted_to=WhyThis
source-lokvenc-czerniak-1952-b6-b5-break-prevention	reject_owner_missing	root_vocabulary_or_extraction_gap	owner:break_prevention_witness_missing	-	top_pv_matches_played	main_claim_scope=MoveLocal	not_reached_no_release	counterplay_axis_suppression	MoveLocal	proof_source=counterplay_axis_suppression;proof_family=neutralize_key_break;scope=MoveLocal;fallback=WeakMain;same_branch=Proven;persistence=Stable;seed=...b5+b5+open file occupation+c4+d3+supports immediate tactical gain counterplay+central foothold+improves piece placement+c5+contest the pawn on c5+...b5+b5+d7+center;continuation=e2b5|a6b4+Nb4;suppression=;risks=	runtime:neutralize_key_break	Releasable	-	forcing_defense	scene=forcing_defense;selected=WhyNow:ForcingDefense:threat;candidates=DecisionTiming:source_kind=prevented_plan:materiality=owner_candidate:move_linked=true:support_material=false:mapping=DecisionTiming/move_linked:source_kinds=prevented_plan:questions=WhatChanged+WhyNow:timing_source=prevented_resource:admission_decision=SupportOnly:admission_reason=decision_timing_support_only_in_v1:prevented_resource_timing|ForcingDefense:source_kind=threat:materiality=owner_candidate:move_linked=true:support_material=false:mapping=ForcingDefense/move_linked:source_kinds=threat:questions=WhatMustBeStopped+WhyNow:admission_decision=PrimaryAllowed:admission_reason=forcing_defense_primary_in_forcing_scene:urgent_threat|MoveDelta:source_kind=target:materiality=owner_candidate:move_linked=true:support_material=false:mapping=MoveDelta/move_linked:source_kinds=target:questions=WhatChanged+WhyThis:admission_decision=SupportOnly:admission_reason=move_delta_support_only_outside_quiet_or_conversion_scene:main_move_claim;dropped=DecisionTiming:prevented_plan:SupportOnly+admission_SupportOnly+decision_timing_support_only_in_v1+move_delta_support_only_outside_quiet_or_conversion_scene+planner_owner=MoveDelta+planner_source=target+prevented_resource_timing+scene=forcing_defense|MoveDelta:target:SupportOnly+admission_SupportOnly+main_move_claim+move_delta_support_only_outside_quiet_or_conversion_scene+planner_owner=MoveDelta+planner_source=target+scene=forcing_defense	-	source_break_prevention	23	r1bqr1k1/p4pbp/np1p1np1/2pP4/4P3/2N2N2/PPQ1BPPP/R1B1R1K1 w - - 2 12	e2b5	e2b5 a6b4 c2d1 c8d7 b5f1 b6b5 a2a3 b4a6 c1f4 d8b6 h2h3 c5c4 e4e5 d6e5 f3e5 d7f5	The move has to happen now because otherwise e2b5 is demanded immediately.	12. Bb5: The move has to happen now because otherwise e2b5 is demanded immediately. If delayed, e2b5 is the reply. One concrete line that keeps the idea in play is a) Further probe work still targets Immediate counterplay through Bxa6.	The move has to happen now because otherwise e2b5 is demanded immediately. If delayed, e2b5 is the reply.	admission_blocked: owner:break_prevention_witness_missing; planner_owner_missing_or_surface_unsafe: WhatMattersHere:position_probe_missing | WhyThis:admission_SupportOnly+move_delta_support_only_outside_quiet_or_conversion_scene+scene=forcing_defense+planner_owner=MoveDelta+planner_source=target | WhatChanged:admission_SupportOnly+move_delta_support_only_outside_quiet_or_conversion_scene+scene=forcing_defense+planner_owner=MoveDelta+planner_source=target
source-maderna-palermo-1955-a6-a5-break-prevention	admit_authority_row	admit_ready	none	-	top_pv_matches_played	primary_SupportedLocal	supported_local_surface_passed	counterplay_axis_suppression	MoveLocal	proof_source=counterplay_axis_suppression;proof_family=neutralize_key_break;scope=MoveLocal;fallback=WeakMain;same_branch=Proven;persistence=Stable;seed=...a5+a5+a cleaner bishop circuit+d3+g5+supports immediate tactical gain counterplay+outpost pressure+improves piece placement+c5+contest the pawn on c5+...a5+a5+f-file+kingside;continuation=a4a5|b6a8+Na8;suppression=;risks=	runtime:neutralize_key_break	Releasable	-	quiet_improvement	scene=quiet_improvement;selected=WhyThis:MoveDelta:route;candidates=DecisionTiming:source_kind=prevented_plan:materiality=owner_candidate:move_linked=true:support_material=false:mapping=DecisionTiming/move_linked:source_kinds=prevented_plan:questions=WhatChanged+WhyNow:timing_source=prevented_resource:admission_decision=SupportOnly:admission_reason=decision_timing_support_only_in_v1:prevented_resource_timing|MoveDelta:source_kind=pv_delta:materiality=owner_candidate:move_linked=true:support_material=false:mapping=MoveDelta/move_linked:source_kinds=pv_delta:questions=WhatChanged:admission_decision=PrimaryAllowed:admission_reason=move_delta_primary_in_quiet_or_conversion_scene:move_local_delta|MoveDelta:source_kind=route:materiality=owner_candidate:move_linked=true:support_material=false:mapping=MoveDelta/move_linked:source_kinds=route:questions=WhatChanged+WhyThis:admission_decision=PrimaryAllowed:admission_reason=move_delta_primary_in_quiet_or_conversion_scene:main_move_claim;dropped=DecisionTiming:prevented_plan:SupportOnly+admission_missing_owner_candidate+decision_timing_support_only_in_v1+prevented_resource_timing+scene=quiet_improvement	SupportedLocal	source_break_prevention	29	1rbqr1k1/1p1n1pbp/pn1p2p1/2pP4/P3PP2/2N2B2/1P1N2PP/R1BQR1K1 w - - 5 15	a4a5	a4a5 b6a8 d2c4 d7f8 e4e5 d6e5 f4e5 b7b5 a5b6 a8b6 c4a5 c8d7 c1f4 d8c7 f4g3 g7e5 e1e5 e8e5 a5c6 d7c6 d5c6 f8e6	A local reading is that this keeps ...a5 from coming right away.	A local reading is that this keeps ...a5 from coming right away.	A local reading is that this keeps ...a5 from coming right away.	exact replay and surfaces agree
source-camara-bazan-1960-b7-b5-break-prevention	admit_authority_row	admit_ready	none	-	top_pv_matches_played	primary_SupportedLocal	supported_local_surface_passed	counterplay_axis_suppression	MoveLocal	proof_source=counterplay_axis_suppression;proof_family=neutralize_key_break;scope=MoveLocal;fallback=WeakMain;same_branch=Proven;persistence=Stable;seed=...b5+b5+plan activation lane+f3+f6+supports immediate tactical gain counterplay+central foothold+pressure on a fixed weakness+c5+contest the pawn on c5+...b5+b5+a-file+queenside;continuation=d3b5|b4a6+Na6;suppression=;risks=	runtime:neutralize_key_break	Releasable	-	quiet_improvement	scene=quiet_improvement;selected=WhyThis:MoveDelta:target;candidates=DecisionTiming:source_kind=prevented_plan:materiality=owner_candidate:move_linked=true:support_material=false:mapping=DecisionTiming/move_linked:source_kinds=prevented_plan:questions=WhatChanged+WhyNow:timing_source=prevented_resource:admission_decision=SupportOnly:admission_reason=decision_timing_support_only_in_v1:prevented_resource_timing|MoveDelta:source_kind=pv_delta:materiality=owner_candidate:move_linked=true:support_material=false:mapping=MoveDelta/move_linked:source_kinds=pv_delta:questions=WhatChanged:admission_decision=PrimaryAllowed:admission_reason=move_delta_primary_in_quiet_or_conversion_scene:move_local_delta|MoveDelta:source_kind=target:materiality=owner_candidate:move_linked=true:support_material=false:mapping=MoveDelta/move_linked:source_kinds=target:questions=WhatChanged+WhyThis:admission_decision=PrimaryAllowed:admission_reason=move_delta_primary_in_quiet_or_conversion_scene:main_move_claim;dropped=DecisionTiming:prevented_plan:SupportOnly+admission_missing_owner_candidate+decision_timing_support_only_in_v1+prevented_resource_timing+scene=quiet_improvement	SupportedLocal	source_break_prevention	27	1rbqr1k1/pp1n1pbp/3p2p1/2pP4/1n2PP2/2NB3P/PP2N1P1/R1BQ1R1K w - - 3 14	d3b5	d3b5 b4a6 e4e5 d6e5 f4f5 a6c7 a2a4 c7b5 a4b5 e5e4 c1f4 d7e5 c3e4 c8f5 e2g3 d8d7 g3f5 g6f5 e4g3 b8d8 d5d6 d7d6 d1d6 d8d6	A local reading is that this keeps ...b5 from coming right away.	A local reading is that this keeps ...b5 from coming right away.	A local reading is that this keeps ...b5 from coming right away.	exact replay and surfaces agree
source-sliwa-gromek-1960-a6-a5-break-prevention	reject_owner_missing	root_vocabulary_or_extraction_gap	owner:break_prevention_witness_missing	-	top_pv_matches_played	main_claim_scope=MoveLocal	not_reached_no_release	counterplay_axis_suppression	MoveLocal	proof_source=counterplay_axis_suppression;proof_family=neutralize_key_break;scope=MoveLocal;fallback=WeakMain;same_branch=Proven;persistence=Stable;seed=...a5+a5+open file occupation+c3+c6+supports immediate tactical gain counterplay+central foothold+line access+c5+contest the pawn on c5+...a5+a5+f-file+kingside;continuation=a4a5|d7a4+Qa4;suppression=;risks=	runtime:neutralize_key_break	Releasable	-	forcing_defense	scene=forcing_defense;selected=WhyNow:ForcingDefense:threat;candidates=DecisionTiming:source_kind=prevented_plan:materiality=owner_candidate:move_linked=true:support_material=false:mapping=DecisionTiming/move_linked:source_kinds=prevented_plan:questions=WhatChanged+WhyNow:timing_source=prevented_resource:admission_decision=SupportOnly:admission_reason=decision_timing_support_only_in_v1:prevented_resource_timing|ForcingDefense:source_kind=threat:materiality=owner_candidate:move_linked=true:support_material=false:mapping=ForcingDefense/move_linked:source_kinds=threat:questions=WhatMustBeStopped+WhyNow:admission_decision=PrimaryAllowed:admission_reason=forcing_defense_primary_in_forcing_scene:urgent_threat|MoveDelta:source_kind=target:materiality=owner_candidate:move_linked=true:support_material=false:mapping=MoveDelta/move_linked:source_kinds=target:questions=WhatChanged+WhyThis:admission_decision=SupportOnly:admission_reason=move_delta_support_only_outside_quiet_or_conversion_scene:main_move_claim;dropped=DecisionTiming:prevented_plan:SupportOnly+admission_SupportOnly+decision_timing_support_only_in_v1+move_delta_support_only_outside_quiet_or_conversion_scene+planner_owner=MoveDelta+planner_source=target+prevented_resource_timing+scene=forcing_defense|MoveDelta:target:SupportOnly+admission_SupportOnly+main_move_claim+move_delta_support_only_outside_quiet_or_conversion_scene+planner_owner=MoveDelta+planner_source=target+scene=forcing_defense	-	source_break_prevention	55	1r1r3k/1p1q1pbp/pn1p2p1/2pP4/Pn2PP2/NQ4PP/1P3B2/3RRBK1 w - - 2 28	a4a5	a4a5 d7a4 b3f3 a4a5 e4e5 d6e5 f4e5 b4d5 h3h4 a5b4 h4h5 g6h5 f3h5 d5e7 e5e6 f7f5 h5f7 b6d5 a3c4 d8f8 f7h5 b7b5	The move has to happen now because otherwise a4a5 is demanded immediately.	28. a5: The move has to happen now because otherwise a4a5 is demanded immediately. If delayed, a4a5 is the reply. One concrete line that keeps the idea in play is a) Further probe work still targets Gaining flank space with a rook pawn through g4 and h4.	The move has to happen now because otherwise a4a5 is demanded immediately. If delayed, a4a5 is the reply.	admission_blocked: owner:break_prevention_witness_missing; planner_owner_missing_or_surface_unsafe: WhatMattersHere:position_probe_missing | WhyThis:admission_SupportOnly+move_delta_support_only_outside_quiet_or_conversion_scene+scene=forcing_defense+planner_owner=MoveDelta+planner_source=target | WhatChanged:admission_SupportOnly+move_delta_support_only_outside_quiet_or_conversion_scene+scene=forcing_defense+planner_owner=MoveDelta+planner_source=target
source-luckis-bielicki-1961-a6-a5-break-prevention	reject_owner_missing	root_vocabulary_or_extraction_gap	proof:break_prevention_contract_mismatch	proof:break_prevention_contract_mismatch	near_top_multipv_contains_played_top=f4g3_gap=8cp	position_probe_missing	not_reached_no_release	-	-	-	-	-	-	quiet_improvement	scene=quiet_improvement;selected=-:-:-;candidates=DecisionTiming:source_kind=prevented_plan:materiality=owner_candidate:move_linked=true:support_material=false:mapping=DecisionTiming/move_linked:source_kinds=prevented_plan:questions=WhatChanged+WhyNow:timing_source=prevented_resource:admission_decision=SupportOnly:admission_reason=decision_timing_support_only_in_v1:prevented_resource_timing|MoveDelta:source_kind=pv_delta:materiality=owner_candidate:move_linked=true:support_material=false:mapping=MoveDelta/move_linked:source_kinds=pv_delta:questions=WhatChanged:admission_decision=PrimaryAllowed:admission_reason=move_delta_primary_in_quiet_or_conversion_scene:move_local_delta;dropped=DecisionTiming:prevented_plan:SupportOnly+admission_missing_owner_candidate+decision_timing_support_only_in_v1+prevented_resource_timing+scene=quiet_improvement+state_truth_only	-	source_break_prevention	33	2r1r1k1/1pqn1pbp/p2p1np1/3P4/P1p1PB2/2N4P/1PQ1BPP1/R3R1K1 w - - 2 17	a4a5	f4g3 g7f8 e2f1 f8g7 g1h1 d7c5 a1d1 c7e7 f2f3	-	17. a5: This is a pawn move to a5. This reinforces the FianchettoShell structure with a fluid center.	This is a pawn move to a5.	admission_blocked: proof:break_prevention_contract_mismatch; planner_owner_missing_or_surface_unsafe: WhyThis:missing_move_owner | WhatMattersHere:position_probe_missing | WhatChanged:state_truth_only | WhyNow:admission_missing_owner_candidate+scene=quiet_improvement
source-pfleger-maalouf-1961-a6-a5-break-prevention	admit_authority_row	admit_ready	none	-	top_pv_matches_played	primary_SupportedLocal	supported_local_surface_passed	counterplay_axis_suppression	MoveLocal	proof_source=counterplay_axis_suppression;proof_family=neutralize_key_break;scope=MoveLocal;fallback=WeakMain;same_branch=Proven;persistence=Stable;seed=...a5+a5+coordination improvement+e3+h3+supports immediate tactical gain counterplay+outpost pressure+improves piece placement+c5+contest the pawn on c5+...a5+a5+h-file+kingside;continuation=a4a5|b6d7+Nbd7;suppression=;risks=	runtime:neutralize_key_break	Releasable	-	quiet_improvement	scene=quiet_improvement;selected=WhyThis:MoveDelta:target;candidates=DecisionTiming:source_kind=prevented_plan:materiality=owner_candidate:move_linked=true:support_material=false:mapping=DecisionTiming/move_linked:source_kinds=prevented_plan:questions=WhatChanged+WhyNow:timing_source=prevented_resource:admission_decision=SupportOnly:admission_reason=decision_timing_support_only_in_v1:prevented_resource_timing|MoveDelta:source_kind=pv_delta:materiality=owner_candidate:move_linked=true:support_material=false:mapping=MoveDelta/move_linked:source_kinds=pv_delta:questions=WhatChanged:admission_decision=PrimaryAllowed:admission_reason=move_delta_primary_in_quiet_or_conversion_scene:move_local_delta|MoveDelta:source_kind=target:materiality=owner_candidate:move_linked=true:support_material=false:mapping=MoveDelta/move_linked:source_kinds=target:questions=WhatChanged+WhyThis:admission_decision=PrimaryAllowed:admission_reason=move_delta_primary_in_quiet_or_conversion_scene:main_move_claim;dropped=DecisionTiming:prevented_plan:SupportOnly+admission_missing_owner_candidate+decision_timing_support_only_in_v1+prevented_resource_timing+scene=quiet_improvement	SupportedLocal	source_break_prevention	33	r2qr1k1/1p3pb1/pn1p1npp/2pP4/P3P3/2NQ1N2/1P1B1PPP/R3R1K1 w - - 0 17	a4a5	a4a5 b6d7 c3a4 f6g4 d2c3 g4e5 f3e5 g7e5 c3e5 d7e5 d3g3 d8g5 a4b6 g5g3 h2g3 a8d8 f2f4 e5d3 e1e3 d3b4 a1d1 b4c2	A local reading is that this keeps ...a5 from coming right away.	A local reading is that this keeps ...a5 from coming right away.	A local reading is that this keeps ...a5 from coming right away.	exact replay and surfaces agree
source-polugaevsky-giorgadze-1956-c5-c4-break-prevention	reject_owner_missing	root_vocabulary_or_extraction_gap	proof:break_prevention_contract_mismatch	proof:break_prevention_contract_mismatch	near_top_multipv_contains_played_top=e2d3_gap=10cp	position_probe_missing	not_reached_no_release	-	-	-	-	-	-	quiet_improvement	scene=quiet_improvement;selected=-:-:-;candidates=DecisionTiming:source_kind=prevented_plan:materiality=owner_candidate:move_linked=true:support_material=false:mapping=DecisionTiming/move_linked:source_kinds=prevented_plan:questions=WhatChanged+WhyNow:timing_source=prevented_resource:admission_decision=SupportOnly:admission_reason=decision_timing_support_only_in_v1:prevented_resource_timing|MoveDelta:source_kind=pv_delta:materiality=owner_candidate:move_linked=true:support_material=false:mapping=MoveDelta/move_linked:source_kinds=pv_delta:questions=WhatChanged:admission_decision=PrimaryAllowed:admission_reason=move_delta_primary_in_quiet_or_conversion_scene:move_local_delta;dropped=DecisionTiming:prevented_plan:SupportOnly+admission_missing_owner_candidate+decision_timing_support_only_in_v1+prevented_resource_timing+scene=quiet_improvement+state_truth_only	-	source_break_prevention	23	rnbqnrk1/5ppp/pp1p1b2/2pP4/P3P3/2N5/1P1NBPPP/R1BQ1RK1 w - - 0 12	d2c4	e2d3 b8d7 f2f4 f6d4 g1h1 f7f5 e4f5 c8b7 d2f3 d4c3 b2c3 b7d5 c3c4 d5c6	-	12. Nc4: This puts the knight on c4. This reinforces the BenoniCenter structure with a fluid center.	This puts the knight on c4.	admission_blocked: proof:break_prevention_contract_mismatch; planner_owner_missing_or_surface_unsafe: WhyThis:missing_move_owner | WhatMattersHere:position_probe_missing | WhatChanged:state_truth_only | WhyNow:admission_missing_owner_candidate+scene=quiet_improvement
source-boleslavsky-nezhmetdinov-1950-static-weakness-fixation	admit_authority_row	admit_ready	none	-	top_pv_matches_played	primary_CertifiedOwner	certified_owner_surface_not_blocking	exact_target_fixation	MoveLocal	proof_source=exact_target_fixation;proof_family=static_weakness_fixation;scope=MoveLocal;fallback=WeakMain;same_branch=Proven;persistence=Stable;seed=d6+fixed_target:d6+backward_pawn_target+benoni_d6_target+a cleaner bishop circuit+d3+e6+supports immediate tactical gain counterplay+central foothold+improves piece placement+c5+contest the pawn on c5+d6+fixed_target:d6+backward_pawn_target+benoni_d6_target+a-file+queenside;continuation=f3d2|b8a6+Na6+exact_target_fixation+fixed_target:d6+best_branch:g1h1|a6c7+d6+g1h1+a6c7;suppression=;risks=	subplan:static_weakness_fixation	Releasable	-	quiet_improvement	scene=quiet_improvement;selected=WhatChanged:MoveDelta:target;candidates=MoveDelta:source_kind=pv_delta:materiality=owner_candidate:move_linked=true:support_material=false:mapping=MoveDelta/move_linked:source_kinds=pv_delta:questions=WhatChanged:admission_decision=PrimaryAllowed:admission_reason=move_delta_primary_in_quiet_or_conversion_scene:move_local_delta|MoveDelta:source_kind=target:materiality=owner_candidate:move_linked=true:support_material=false:mapping=MoveDelta/move_linked:source_kinds=target:questions=WhatChanged+WhyThis:admission_decision=PrimaryAllowed:admission_reason=move_delta_primary_in_quiet_or_conversion_scene:main_move_claim;dropped=	CertifiedOwner	source_static_weakness_fixation	19	rnbqr1k1/pp3pbp/3p1np1/2pP4/4P3/2N2N2/PP2BPPP/R1BQ1RK1 w - - 6 10	f3d2	f3d2 b8a6 g1h1 a6c7 a2a4 b7b6 f2f3 d8e7 d2c4 c8a6 c1g5 a6c4 e2c4 h7h6 g5h4 a7a6 f3f4 b6b5 a4b5 a6b5 a1a8 e8a8	This changes the position by fixing d6 as the target.	10. Nd2: This changes the position by fixing d6 as the target. Before the move, d6 was not yet fixed as the target on that defended branch. That same defended branch keeps the pressure fixed on d6.	This changes the position by fixing d6 as the target. Before the move, d6 was not yet fixed as the target on that defended branch. That same defended branch keeps the pressure fixed on d6.	exact replay and surfaces agree
source-maderna-palermo-1955-static-weakness-fixation	reject_owner_missing	root_vocabulary_or_extraction_gap	owner:root_vocabulary_or_extraction_gap	-	top_pv_matches_played	position_probe_missing	not_reached_no_release	-	-	-	-	-	-	forcing_defense	scene=forcing_defense;selected=WhyNow:ForcingDefense:threat;candidates=ForcingDefense:source_kind=threat:materiality=owner_candidate:move_linked=true:support_material=false:mapping=ForcingDefense/move_linked:source_kinds=threat:questions=WhatMustBeStopped+WhyNow:admission_decision=PrimaryAllowed:admission_reason=forcing_defense_primary_in_forcing_scene:urgent_threat;dropped=	-	source_static_weakness_fixation	17	rnbq1rk1/pp3pbp/3p1np1/2pP4/4P3/2N2N2/PP2BPPP/R1BQK2R w KQ - 4 9	f3d2	f3d2 b8a6 e1g1 a6c7 a2a4 f8e8 h2h3 a7a6 e2d3 a8b8 a4a5 c8d7 d2c4 c7b5 c1g5 b5c3 b2c3 d7b5 c4b6	The move has to happen now because otherwise f3d2 is demanded immediately.	9. Nd2: The move has to happen now because otherwise f3d2 is demanded immediately. If delayed, f3d2 is the reply. One concrete line that keeps the idea in play is a) Further probe work still targets Improve central coordination before commitment through e5.	The move has to happen now because otherwise f3d2 is demanded immediately. If delayed, f3d2 is the reply.	admission_blocked: owner:root_vocabulary_or_extraction_gap; planner_owner_missing_or_surface_unsafe: WhyThis:missing_move_owner | WhatMattersHere:position_probe_missing | WhatChanged:state_truth_only
source-aronian-andreikin-2014-defender-trade	admit_authority_row	admit_ready	none	-	near_top_multipv_contains_played_top=c2b1_gap=15cp	primary_SupportedLocal	supported_local_surface_passed	defender_trade	MoveLocal	proof_source=defender_trade;proof_family=defender_trade;scope=MoveLocal;fallback=WeakMain;same_branch=Proven;persistence=Stable;seed=defender+defender:f8+a3+a7+defended_target:a7+local_branch+defender_trade+a cleaner bishop circuit+c5+d3+supports immediate tactical gain counterplay+central foothold+improves piece placement+e5+contest the pawn on e5+defender+local branch+a3+a7+defender:f8+defended_target:a7+local_branch+defender_trade+g-file+kingside;continuation=c1a3|f8a3+Bxa3+defender_trade_branch+exchange_square:a3+defended_target:a7+a3+a7+c1a3+f8a3+b3a3;suppression=;risks=	subplan:defender_trade	Releasable	-	quiet_improvement	scene=quiet_improvement;selected=WhyThis:MoveDelta:defender_trade;candidates=MoveDelta:source_kind=defender_trade:materiality=owner_candidate:move_linked=true:support_material=false:mapping=MoveDelta/move_linked:source_kinds=defender_trade:questions=WhatChanged+WhyThis:admission_decision=PrimaryAllowed:admission_reason=move_delta_primary_in_quiet_or_conversion_scene:main_move_claim|MoveDelta:source_kind=pv_delta:materiality=owner_candidate:move_linked=true:support_material=false:mapping=MoveDelta/move_linked:source_kinds=pv_delta:questions=WhatChanged:admission_decision=PrimaryAllowed:admission_reason=move_delta_primary_in_quiet_or_conversion_scene:move_local_delta;dropped=	SupportedLocal	source_defender_trade	33	3k1b1r/p2b1ppp/1n3n2/4p3/8/1R4P1/P1QPqPBP/2B2RK1 w - - 0 17	c1a3	c2b1 f8c5 c1a3 c5d4 b3d3 e2g4 f1c1 h8e8 b1c2 f6d5 c2b3 d7a4 b3b1 g4d7 a3c5 a4b5 d3b3 b5a4 c5d4 e5d4 b3d3 d7f5 d3d4 f5b1 c1b1 e8e5	A local reading is that this exchange removes a defender on the local branch.	A local reading is that this exchange removes a defender on the local branch.	A local reading is that this exchange removes a defender on the local branch.	exact replay and surfaces agree
source-capablanca-golombek-1939	reject_owner_missing	engine_top_move_disagrees	engine:source_move_absent_from_multipv;owner:carlsbad_probe_missing	-	pv_available_top_differs:g2g4	position_probe_missing	not_reached_no_release	-	-	-	-	-	-	quiet_improvement	scene=quiet_improvement;selected=-:-:-;candidates=DecisionTiming:source_kind=decision_comparison:materiality=owner_candidate:move_linked=true:support_material=false:mapping=DecisionTiming/bare_engine_gap:source_kinds=decision_comparison:questions=WhatChanged+WhyNow:timing_source=decision_comparison:decision_comparison_detail=bare_engine_gap:admission_decision=SupportOnly:admission_reason=decision_timing_support_only_in_v1:bare_engine_gap+timing_loss;dropped=DecisionTiming:decision_comparison:SupportOnly+admission_SupportOnly+bare_engine_gap+decision_timing_support_only_in_v1+planner_owner=DecisionTiming+planner_source=decision_comparison+scene=quiet_improvement+state_truth_only+timing_loss	-	source_carlsbad_fixed_target	33	r2qrnk1/pp2bpn1/2p1b1pp/3pN3/3P4/2NBP2P/PPQ2PPB/1R3RK1 w - - 2 17	b2b4	g2g4 e7d6 f2f4 f7f5 c2g2 d6e5 f4e5 d8d7 f1f4 g6g5 f4f2 e8e7 c3a4 f5g4 h3g4 e7f7 f2f7 d7f7 a4c5	-	17. b4: This is a pawn move to b4.	This is a pawn move to b4.	admission_blocked: engine:source_move_absent_from_multipv;owner:carlsbad_probe_missing; planner_owner_missing_or_surface_unsafe: WhyThis:missing_move_owner | WhatMattersHere:position_probe_missing | WhatChanged:state_truth_only | WhyNow:admission_SupportOnly+decision_timing_support_only_in_v1+scene=quiet_improvement+planner_owner=DecisionTiming+planner_source=decision_comparison
source-capablanca-golombek-1939-iqp-inducement	admit_authority_row	admit_ready	none	-	top_pv_matches_played	primary_SupportedLocal	supported_local_surface_passed	iqp_inducement_probe	MoveLocal	proof_source=iqp_inducement_probe;proof_family=iqp_inducement;scope=MoveLocal;fallback=WeakMain;same_branch=Proven;persistence=Stable;seed=d5+isolated_pawn:d5+iqp_inducement+open file occupation+c3+e6+supports immediate tactical gain counterplay+central foothold+improves piece placement+d5+contest the pawn on d5+isolated_pawn:d5+iqp_inducement+b-file+queenside;continuation=b4b5|e8c8+Rec8+iqp_inducement_branch+isolated_pawn:d5+d5+b4b5+e8c8+b5c6;suppression=;risks=	subplan:iqp_inducement	Releasable	-	quiet_improvement	scene=quiet_improvement;selected=WhyThis:MoveDelta:iqp_inducement_probe;candidates=MoveDelta:source_kind=iqp_inducement_probe:materiality=owner_candidate:move_linked=true:support_material=false:mapping=MoveDelta/move_linked:source_kinds=iqp_inducement_probe:questions=WhatChanged+WhyThis:admission_decision=PrimaryAllowed:admission_reason=move_delta_primary_in_quiet_or_conversion_scene:main_move_claim|MoveDelta:source_kind=pv_delta:materiality=owner_candidate:move_linked=true:support_material=false:mapping=MoveDelta/move_linked:source_kinds=pv_delta:questions=WhatChanged:admission_decision=PrimaryAllowed:admission_reason=move_delta_primary_in_quiet_or_conversion_scene:move_local_delta;dropped=	SupportedLocal	source_iqp_inducement	45	r3r1k1/pp3pn1/2pq2pp/3p4/NP1P4/3QP2P/P4PP1/1RR3K1 w - - 0 23	b4b5	b4b5 e8c8 b5c6 b7b6 d3a6 c8c6 a4b2 c6c7 b2d3 g7e8 c1c7 d6c7 b1c1 c7e7 d3f4	A local reading is that this sequence leaves an isolated pawn as the local target.	A local reading is that this sequence leaves an isolated pawn as the local target.	A local reading is that this sequence leaves an isolated pawn as the local target.	exact replay and surfaces agree
source-botvinnik-vidmar-1936	reject_owner_missing	root_vocabulary_or_extraction_gap	owner:iqp_not_induced	iqp:not_induced	near_top_multipv_contains_played_top=a7a6_gap=6cp	position_probe_missing	not_reached_no_release	-	-	-	-	-	-	quiet_improvement	scene=quiet_improvement;selected=-:-:-;candidates=MoveDelta:source_kind=pv_delta:materiality=owner_candidate:move_linked=true:support_material=false:mapping=MoveDelta/move_linked:source_kinds=pv_delta:questions=WhatChanged:admission_decision=PrimaryAllowed:admission_reason=move_delta_primary_in_quiet_or_conversion_scene:move_local_delta;dropped=	-	source_iqp_simplification	20	r1bq1rk1/pp1nbppp/4pn2/6B1/2BP4/2N2N2/PP3PPP/R2Q1RK1 b - - 0 10	d7b6	a7a6 a2a4 h7h6 g5h4 b7b6 d4d5 e6d5 c3d5 c8b7 d5e7 d8e7 h4g3 f8e8 d1b3 b7f3 b3f3	-	10... Nb6: This puts the knight on b6.	This puts the knight on b6.	admission_blocked: owner:iqp_not_induced; planner_owner_missing_or_surface_unsafe: WhyThis:missing_move_owner | WhatMattersHere:position_probe_missing | WhatChanged:state_truth_only | WhyNow:generic_urgency_only+demotion_intentional_drop+demote_target_unavailable+demoted_to=WhyThis
source-botvinnik-vidmar-1936-iqp-multipv-screen	reject_owner_missing	root_vocabulary_or_extraction_gap	owner:iqp_not_induced	iqp:not_induced	near_top_multipv_contains_played_top=b3a4_gap=6cp	position_probe_missing	not_reached_no_release	-	-	-	-	-	-	quiet_improvement	scene=quiet_improvement;selected=-:-:-;candidates=MoveDelta:source_kind=pv_delta:materiality=owner_candidate:move_linked=true:support_material=false:mapping=MoveDelta/move_linked:source_kinds=pv_delta:questions=WhatChanged:admission_decision=PrimaryAllowed:admission_reason=move_delta_primary_in_quiet_or_conversion_scene:move_local_delta;dropped=	-	source_iqp_inducement	31	r2q1rk1/pp2bppp/4pn2/3bN1B1/1n1P4/1BN4Q/PP3PPP/3R1RK1 w - - 11 16	c3d5	b3a4 d5c6 e5c6 b7c6 f2f4 f6d5 a2a3 d5c3 b2c3 e7g5 f4g5 b4d5 a4c6	-	16. Nxd5: This captures on d5.	This captures on d5.	admission_blocked: owner:iqp_not_induced; planner_owner_missing_or_surface_unsafe: WhyThis:missing_move_owner | WhatMattersHere:position_probe_missing | WhatChanged:state_truth_only | WhyNow:generic_urgency_only+demotion_intentional_drop+demote_target_unavailable+demoted_to=WhyThis
source-botvinnik-vidmar-1936-iqp-opening-inducement	admit_authority_row	admit_ready	none	-	near_top_multipv_contains_played_top=h7h6_gap=4cp	primary_SupportedLocal	supported_local_surface_passed	iqp_inducement_probe	MoveLocal	proof_source=iqp_inducement_probe;proof_family=iqp_inducement;scope=MoveLocal;fallback=WeakMain;same_branch=Proven;persistence=Stable;seed=d4+isolated_pawn:d4+iqp_inducement+coordination improvement+d6+f5+supports immediate tactical gain counterplay+central foothold+outpost pressure+c3+contest the knight on c3+d4+isolated_pawn:d4+iqp_inducement+d5+c5+c-file+queenside;continuation=c5d4|e3d4+exd4+iqp_inducement_branch+isolated_pawn:d4+d4+c5d4+e3d4+d5c4;suppression=;risks=	subplan:iqp_inducement	Releasable	-	quiet_improvement	scene=quiet_improvement;selected=WhyThis:MoveDelta:iqp_inducement_probe;candidates=MoveDelta:source_kind=iqp_inducement_probe:materiality=owner_candidate:move_linked=true:support_material=false:mapping=MoveDelta/move_linked:source_kinds=iqp_inducement_probe:questions=WhatChanged+WhyThis:admission_decision=PrimaryAllowed:admission_reason=move_delta_primary_in_quiet_or_conversion_scene:main_move_claim|MoveDelta:source_kind=pv_delta:materiality=owner_candidate:move_linked=true:support_material=false:mapping=MoveDelta/move_linked:source_kinds=pv_delta:questions=WhatChanged:admission_decision=PrimaryAllowed:admission_reason=move_delta_primary_in_quiet_or_conversion_scene:move_local_delta;dropped=	SupportedLocal	source_iqp_inducement	16	r1bq1rk1/pp1nbppp/4pn2/2pp2B1/2PP4/2NBPN2/PP3PPP/R2Q1RK1 b - - 1 8	c5d4	h7h6 g5f6 d7f6 c4d5 e6d5 d4c5 e7c5 h2h3 b7b6 d1b3 c8b7 f1d1 a8c8 d3b5 d8e7	A local reading is that this sequence leaves an isolated pawn as the local target.	A local reading is that this sequence leaves an isolated pawn as the local target.	A local reading is that this sequence leaves an isolated pawn as the local target.	exact replay and surfaces agree
source-kramnik-anand-2001	reject_tactical_first	tactical_first_source	tactical:first	-	top_pv_matches_played	not_evaluated_tactical_first	not_reached_tactical_first	-	-	-	-	-	-	-	-	-	source_tactical_first	27	2bq1rk1/r3bppp/p3pn2/np4B1/3P1Q2/2N2N2/PPB2PPP/R4RK1 w - - 2 14	a1d1	a1d1 f6h5 f4g4 e7g5 g4h5 h7h6 h2h4 g5f4 f3e5 a7c7 h5g4 d8f6 g2g3 f4e5 g4e4 g7g6 d4e5 f6g7 e4f4	-	-	-	tactical-first source candidate stays out of B/C strategic admission
source-kramnik-anand-2001-iqp-opening-inducement	reject_owner_missing	engine_top_move_disagrees	engine:source_move_absent_from_multipv;owner:iqp_not_induced	iqp:not_induced	pv_available_top_differs:b7b5	position_probe_missing	not_reached_no_release	-	-	-	-	-	-	quiet_improvement	scene=quiet_improvement;selected=-:-:-;candidates=;dropped=	-	source_iqp_inducement	14	rnbqkb1r/1p3ppp/p3pn2/2p5/3P4/1B2PN2/PP3PPP/RNBQ1RK1 b kq - 1 7	c5d4	b7b5 b1c3 c8b7 e3e4 f8e7 e4e5 f6e4 f1e1 e4c3 b2c3 c5c4 b3c2 b8d7 d1e2 d7b6 a2a4 b5b4 c3b4 e7b4	-	7... cxd4: This captures on d4.	This captures on d4.	admission_blocked: engine:source_move_absent_from_multipv;owner:iqp_not_induced; planner_owner_missing_or_surface_unsafe: WhyThis:missing_move_owner | WhatMattersHere:position_probe_missing | WhatChanged:state_truth_only | WhyNow:generic_urgency_only+demotion_intentional_drop+demote_target_unavailable+demoted_to=WhyThis
source-tartakower-capablanca-1924	reject_tactical_first	tactical_first_source	tactical:first	-	top_pv_matches_played	not_evaluated_tactical_first	not_reached_tactical_first	-	-	-	-	-	-	-	-	-	source_tactical_first	17	rnbqk2r/pp3ppp/5n2/8/1bpP1B2/8/PP2B1PP/RN1Q1KNR w kq - 0 9	f4b8	f4b8 f6d5 f1f2 a8b8 e2c4 e8g8 c4d5 d8d5 b1c3 d5d6 h2h3 c8d7 d1d3 d7c6 a1d1 b4a5 g1f3 b8e8 h1e1 e8e1 f3e1 a5b6	-	-	-	tactical-first source candidate stays out of B/C strategic admission
source-alekhine-bogoljubow-1936-iqp-inducement	admit_authority_row	admit_ready	none	-	top_pv_matches_played	primary_SupportedLocal	supported_local_surface_passed	iqp_inducement_probe	MoveLocal	proof_source=iqp_inducement_probe;proof_family=iqp_inducement;scope=MoveLocal;fallback=WeakMain;same_branch=Proven;persistence=Stable;seed=c3+isolated_pawn:c3+iqp_inducement+a cleaner bishop circuit+c6+d3+supports immediate tactical gain counterplay+central foothold+outpost pressure+c3+contest the knight on c3+isolated_pawn:c3+iqp_inducement+e4+b7+d5+kingside+Q+B;continuation=e4c3|b2c3+bxc3+iqp_inducement_branch+isolated_pawn:c3+c3+e4c3+b2c3+c5d4;suppression=;risks=	subplan:iqp_inducement	Releasable	-	quiet_improvement	scene=quiet_improvement;selected=WhyThis:MoveDelta:iqp_inducement_probe;candidates=MoveDelta:source_kind=iqp_inducement_probe:materiality=owner_candidate:move_linked=true:support_material=false:mapping=MoveDelta/move_linked:source_kinds=iqp_inducement_probe:questions=WhatChanged+WhyThis:admission_decision=PrimaryAllowed:admission_reason=move_delta_primary_in_quiet_or_conversion_scene:main_move_claim|MoveDelta:source_kind=pv_delta:materiality=owner_candidate:move_linked=true:support_material=false:mapping=MoveDelta/move_linked:source_kinds=pv_delta:questions=WhatChanged:admission_decision=PrimaryAllowed:admission_reason=move_delta_primary_in_quiet_or_conversion_scene:move_local_delta;dropped=	SupportedLocal	source_iqp_inducement	20	rnb1k2r/pp3ppp/4p3/2pqP3/PbpPn3/2N2N2/1PQ1BPPP/R1B2RK1 b kq - 1 10	e4c3	e4c3 b2c3 c5d4 c3b4 d4d3 c2a2 d3e2 a2e2 d5d3 e2b2 b7b5 a1a3 d3e4 a4b5 c8b7 f1d1 b8d7 h2h3 b7d5	A local reading is that this sequence leaves an isolated pawn as the local target.	A local reading is that this sequence leaves an isolated pawn as the local target.	A local reading is that this sequence leaves an isolated pawn as the local target.	exact replay and surfaces agree
source-salov-ljubojevic-1992-simplification-window	admit_authority_row	admit_ready	none	-	top_pv_matches_played	primary_CertifiedOwner	certified_owner_surface_not_blocking	simplification_window	MoveLocal	proof_source=simplification_window;proof_family=simplification_window;scope=MoveLocal;fallback=WeakMain;same_branch=Proven;persistence=Stable;seed=d5+c3+contest the rook on c3+a3+c4+d4+e4+Holes+c5+e5+f5+supports immediate tactical gain counterplay+line access+improves piece placement+a3+supports immediate tactical gain counterplay+line access+improves piece placement+c3+contest the rook on c3+d5;continuation=b5d5|f7d5+Qxd5+exact_trade_continuation+exchange_square:d5+d5;suppression=;risks=	subplan:simplification_window	Releasable	-	quiet_improvement	scene=quiet_improvement;selected=WhyThis:MoveDelta:target;candidates=MoveDelta:source_kind=pv_delta:materiality=owner_candidate:move_linked=true:support_material=false:mapping=MoveDelta/move_linked:source_kinds=pv_delta:questions=WhatChanged:admission_decision=PrimaryAllowed:admission_reason=move_delta_primary_in_quiet_or_conversion_scene:move_local_delta|MoveDelta:source_kind=target:materiality=owner_candidate:move_linked=true:support_material=false:mapping=MoveDelta/move_linked:source_kinds=target:questions=WhatChanged+WhyThis:admission_decision=PrimaryAllowed:admission_reason=move_delta_primary_in_quiet_or_conversion_scene:main_move_claim;dropped=	CertifiedOwner	source_simplification_window	71	7k/p4qp1/8/1Q1pR3/3P1P2/2r3P1/7P/6K1 w - - 0 36	b5d5	b5d5 f7d5 e5d5 h8h7 g1g2 c3c2 g2h3 c2d2 d5d7 a7a5 d7a7 d2d4 a7a5 d4d2 a5h5 h7g8 h3g4 d2b2 h2h4 b2b8 h5d5	This trade keeps the same local edge on d5.	36. Qxd5: This captures on d5. This reinforces the IQPBlack structure with a locked center.	This trade keeps the same local edge on d5.	exact replay and surfaces agree
source-najdorf-sergeant-1939-iqp-inducement	admit_authority_row	admit_ready	none	-	top_pv_matches_played	primary_SupportedLocal	supported_local_surface_passed	iqp_inducement_probe	MoveLocal	proof_source=iqp_inducement_probe;proof_family=iqp_inducement;scope=MoveLocal;fallback=WeakMain;same_branch=Proven;persistence=Stable;seed=d5+isolated_pawn:d5+iqp_inducement+open file occupation+d3+d6+supports immediate tactical gain counterplay+central foothold+line access+c5+contest the knight on c5+d5+isolated_pawn:d5+iqp_inducement+Q+B+K;continuation=c3d5|e6d5+exd5+iqp_inducement_branch+isolated_pawn:d5+d5+c3d5+e6d5;suppression=;risks=	subplan:iqp_inducement	Releasable	-	quiet_improvement	scene=quiet_improvement;selected=WhyThis:MoveDelta:iqp_inducement_probe;candidates=MoveDelta:source_kind=iqp_inducement_probe:materiality=owner_candidate:move_linked=true:support_material=false:mapping=MoveDelta/move_linked:source_kinds=iqp_inducement_probe:questions=WhatChanged+WhyThis:admission_decision=PrimaryAllowed:admission_reason=move_delta_primary_in_quiet_or_conversion_scene:main_move_claim|MoveDelta:source_kind=pv_delta:materiality=owner_candidate:move_linked=true:support_material=false:mapping=MoveDelta/move_linked:source_kinds=pv_delta:questions=WhatChanged:admission_decision=PrimaryAllowed:admission_reason=move_delta_primary_in_quiet_or_conversion_scene:move_local_delta;dropped=	SupportedLocal	source_iqp_inducement	23	r1b2rk1/pp2qppp/4p3/2nn4/3N4/2N1P3/PPQ2PPP/3RKB1R w K - 0 12	c3d5	c3d5 e6d5 f1e2 b7b6 e1g1 c8b7 d1c1 f8c8 h2h3 g7g6 e2f3 c5e6 c2d2	A local reading is that this sequence leaves an isolated pawn as the local target.	A local reading is that this sequence leaves an isolated pawn as the local target.	A local reading is that this sequence leaves an isolated pawn as the local target.	exact replay and surfaces agree
source-carlsen-anand-2014-g6	admit_authority_row	admit_ready	none	-	top_pv_matches_played	primary_SupportedLocal	supported_local_surface_passed	queen_trade_shield	MoveLocal	proof_source=queen_trade_shield;proof_family=queen_trade_shield;scope=MoveLocal;fallback=WeakMain;same_branch=Ambiguous;persistence=BestDefenseOnly;seed=queen_trade_shield+queenless_branch+c6+d8+a cleaner bishop circuit+f3+c5+supports immediate tactical gain counterplay+central foothold+pressure on a fixed weakness+c6+contest the knight on c6+queen_trade_shield+queenless_branch+queen_trade+d8+f6+B;continuation=d4c6|d7c6+dxc6+d4c6+d7c6+d3d8+e8d8;suppression=;risks=	subplan:queen_trade_shield	Releasable	-	quiet_improvement	scene=quiet_improvement;selected=WhyThis:MoveDelta:queen_trade_shield;candidates=MoveDelta:source_kind=pv_delta:materiality=owner_candidate:move_linked=true:support_material=false:mapping=MoveDelta/move_linked:source_kinds=pv_delta:questions=WhatChanged:admission_decision=PrimaryAllowed:admission_reason=move_delta_primary_in_quiet_or_conversion_scene:move_local_delta|MoveDelta:source_kind=queen_trade_shield:materiality=owner_candidate:move_linked=true:support_material=false:mapping=MoveDelta/move_linked:source_kinds=queen_trade_shield:questions=WhatChanged+WhyThis:admission_decision=PrimaryAllowed:admission_reason=move_delta_primary_in_quiet_or_conversion_scene:main_move_claim;dropped=	SupportedLocal	source_queen_trade_boundary	15	r1bqk2r/1p1p1ppp/p1n1pn2/8/1bPNP3/2NQ4/PP3PPP/R1B1KB1R w KQkq - 5 8	d4c6	d4c6 d7c6 d3d8 e8d8 e4e5 f6d7 c1f4 b7b5 e1c1 d8c7 c3e4 d7b6 a2a3 b4e7 e4d6 b5c4	A local reading is that this exchange moves the game into the queenless branch.	A local reading is that this exchange moves the game into the queenless branch.	A local reading is that this exchange moves the game into the queenless branch.	exact replay and surfaces agree