rank	score	scoreReasons	id	gameName	reviewGroup	verdict	diagnosis	blockers	ownerFailureCodes	engineAgreement	plannerOwnership	surfaceGate	mainProofSource	mainClaimScope	packetSummary	contract	contractStatus	contractFailures	release	taxonomy	ply	fen	playedUci	enginePv	primary	bookmaker	chronicle	reason
1	140	engine_top_pv	source-modern-benoni-6e4-00001-prophylaxis-restraint-ply-14	ModernBenoni6e4 #1: Boleslavsky, Isaak-Nezhmetdinov, Rashid, URS-ch sf	A:prophylaxis_restraint	reject_owner_missing	root_vocabulary_or_extraction_gap	owner:prophylaxis_restraint_witness_missing	-	top_pv_matches_played	position_probe_missing	not_reached_no_release	-	-	-	-	-	-	-	source_prophylaxis_restraint	14	rnbqkb1r/pp3p1p/3p1np1/2pP4/4P3/2N5/PP2BPPP/R1BQK1NR b KQkq - 1 7	f8g7	f8g7 g1f3 c8g4 f3d2 g4e2 d1e2 e8g8 a2a4 b8d7 d2c4 d7b6 c4e3 b6d7 e1g1 f8e8 f2f3 a7a6 a4a5 d7e5 f3f4	-	7... Bg7: This puts the bishop on g7.	This puts the bishop on g7.	admission_blocked: owner:prophylaxis_restraint_witness_missing; planner_owner_missing_or_surface_unsafe: WhyThis:missing_move_owner | WhatMattersHere:position_probe_missing | WhatChanged:state_truth_only | WhyNow:generic_urgency_only+demotion_intentional_drop+demote_target_unavailable+demoted_to=WhyThis
2	140	engine_top_pv	source-modern-benoni-6e4-00001-prophylaxis-restraint-ply-15	ModernBenoni6e4 #1: Boleslavsky, Isaak-Nezhmetdinov, Rashid, URS-ch sf	A:prophylaxis_restraint	reject_owner_missing	root_vocabulary_or_extraction_gap	owner:prophylaxis_restraint_witness_missing	-	top_pv_matches_played	position_probe_missing	not_reached_no_release	-	-	-	-	-	-	-	source_prophylaxis_restraint	15	rnbqk2r/pp3pbp/3p1np1/2pP4/4P3/2N5/PP2BPPP/R1BQK1NR w KQkq - 2 8	g1f3	g1f3 c8g4 c1g5 g4f3 e2b5 e8f8 d1f3 h7h6 g5f4 a7a6 b5e2 d8e7 f3g3	The move has to happen now because otherwise g1f3 is demanded immediately.	8. Nf3: The move has to happen now because otherwise g1f3 is demanded immediately. If delayed, g1f3 is the reply. One concrete line that keeps the idea in play is a) Further probe work still targets Immediate counterplay through Bb5+ and Qa4+.	The move has to happen now because otherwise g1f3 is demanded immediately. If delayed, g1f3 is the reply.	admission_blocked: owner:prophylaxis_restraint_witness_missing; planner_owner_missing_or_surface_unsafe: WhyThis:missing_move_owner | WhatMattersHere:position_probe_missing | WhatChanged:state_truth_only
3	140	engine_top_pv	source-modern-benoni-6e4-00001-prophylaxis-restraint-ply-26	ModernBenoni6e4 #1: Boleslavsky, Isaak-Nezhmetdinov, Rashid, URS-ch sf	A:prophylaxis_restraint	reject_owner_missing	root_vocabulary_or_extraction_gap	owner:prophylaxis_restraint_witness_missing	-	top_pv_matches_played	position_probe_missing	not_reached_no_release	-	-	-	-	-	-	-	source_prophylaxis_restraint	26	rn1qr1k1/p4pbp/1p1p1np1/1PpP4/4P3/2N5/1P1N1PPP/R1BQ1RK1 b - - 0 13	b8d7	b8d7 a1a4 f6h5 d2c4 d7e5 c4e3 g7h6 b2b3 d8f6 f2f3 f6e7 e3g4 h6c1 d1c1 e5g4 f3g4	-	13... Nbd7: This puts the knight on d7.	This puts the knight on d7.	admission_blocked: owner:prophylaxis_restraint_witness_missing; planner_owner_missing_or_surface_unsafe: WhyThis:missing_move_owner | WhatMattersHere:position_probe_missing | WhatChanged:state_truth_only | WhyNow:admission_missing_owner_candidate+scene=quiet_improvement
4	140	engine_top_pv	source-modern-benoni-6e4-00001-prophylaxis-restraint-ply-29	ModernBenoni6e4 #1: Boleslavsky, Isaak-Nezhmetdinov, Rashid, URS-ch sf	A:prophylaxis_restraint	reject_owner_missing	root_vocabulary_or_extraction_gap	owner:prophylaxis_restraint_witness_missing	-	top_pv_matches_played	position_probe_missing	not_reached_no_release	-	-	-	-	-	-	-	source_prophylaxis_restraint	29	r2qr1k1/p4pbp/1p1p1np1/1PpPn3/4P3/2N5/1PQN1PPP/R1B2RK1 w - - 3 15	f2f4	f2f4 e5d7 d2f3 d8c8 h2h3 a7a6 f1e1 f6h5 b5a6 g7c3 b2c3 a8a6 a1a6 c8a6 g2g4 h5g7	-	15. f4: This is a pawn move to f4.	This is a pawn move to f4.	admission_blocked: owner:prophylaxis_restraint_witness_missing; planner_owner_missing_or_surface_unsafe: WhyThis:missing_move_owner | WhatMattersHere:position_probe_missing | WhatChanged:state_truth_only | WhyNow:generic_urgency_only+demotion_intentional_drop+demote_target_unavailable+demoted_to=WhyThis
5	140	engine_top_pv	source-modern-benoni-6e4-00001-prophylaxis-restraint-ply-30	ModernBenoni6e4 #1: Boleslavsky, Isaak-Nezhmetdinov, Rashid, URS-ch sf	A:prophylaxis_restraint	reject_owner_missing	root_vocabulary_or_extraction_gap	owner:prophylaxis_restraint_witness_missing	-	top_pv_matches_played	position_probe_missing	not_reached_no_release	-	-	-	-	-	-	-	source_prophylaxis_restraint	30	r2qr1k1/p4pbp/1p1p1np1/1PpPn3/4PP2/2N5/1PQN2PP/R1B2RK1 b - - 0 15	e5d7	e5d7 f1e1 f6h5 d2f3 g7d4 g1h1 d7f6 a1a4 d4c3	-	15... Ned7: This puts the knight on d7. This reinforces the fluid center.	This puts the knight on d7.	admission_blocked: owner:prophylaxis_restraint_witness_missing; planner_owner_missing_or_surface_unsafe: WhyThis:missing_move_owner | WhatMattersHere:position_probe_missing | WhatChanged:state_truth_only | WhyNow:generic_urgency_only+demotion_intentional_drop+demote_target_unavailable+demoted_to=WhyThis
6	120	engine_near_top	source-modern-benoni-6e4-00001-prophylaxis-restraint-ply-27	ModernBenoni6e4 #1: Boleslavsky, Isaak-Nezhmetdinov, Rashid, URS-ch sf	A:prophylaxis_restraint	reject_owner_missing	root_vocabulary_or_extraction_gap	owner:prophylaxis_restraint_witness_missing	-	near_top_multipv_contains_played_top=a1a4_gap=19cp	position_probe_missing	not_reached_no_release	-	-	-	-	-	-	-	source_prophylaxis_restraint	27	r2qr1k1/p2n1pbp/1p1p1np1/1PpP4/4P3/2N5/1P1N1PPP/R1BQ1RK1 w - - 1 14	d1c2	a1a4 f6h5 d2c4 g7c3 b2c3 e8e4 f2f3 e4e7 g2g4 h5f6 c4d6 d7f8 d6e4 f6e4 f3e4 d8e8 c1g5	-	14. Qc2: This puts the queen on c2.	This puts the queen on c2.	admission_blocked: owner:prophylaxis_restraint_witness_missing; planner_owner_missing_or_surface_unsafe: WhyThis:missing_move_owner | WhatMattersHere:position_probe_missing | WhatChanged:state_truth_only | WhyNow:admission_missing_owner_candidate+scene=quiet_improvement
7	115	engine_top_pv;opening_downranked	source-modern-benoni-6e4-00001-prophylaxis-restraint-ply-11	ModernBenoni6e4 #1: Boleslavsky, Isaak-Nezhmetdinov, Rashid, URS-ch sf	A:prophylaxis_restraint	reject_owner_missing	root_vocabulary_or_extraction_gap	owner:prophylaxis_restraint_witness_missing	-	top_pv_matches_played	position_probe_missing	not_reached_no_release	-	-	-	-	-	-	-	source_prophylaxis_restraint	11	rnbqkb1r/pp3ppp/3p1n2/2pP4/8/2N5/PP2PPPP/R1BQKBNR w KQkq - 0 6	e2e4	e2e4 g7g6 f1d3 f8g7 h2h3 e8g8 g1f3 b7b5 c3b5 f8e8 e1g1 f6e4 d3e4 e8e4 c1g5 f7f6 g5d2 b8a6 a2a3	-	6. e4: This is a pawn move to e4.	This is a pawn move to e4.	admission_blocked: owner:prophylaxis_restraint_witness_missing; planner_owner_missing_or_surface_unsafe: WhyThis:missing_move_owner | WhatMattersHere:position_probe_missing | WhatChanged:state_truth_only | WhyNow:generic_urgency_only+demotion_intentional_drop+demote_target_unavailable+demoted_to=WhyThis
8	115	engine_top_pv;opening_downranked	source-modern-benoni-6e4-00001-prophylaxis-restraint-ply-12	ModernBenoni6e4 #1: Boleslavsky, Isaak-Nezhmetdinov, Rashid, URS-ch sf	A:prophylaxis_restraint	reject_owner_missing	root_vocabulary_or_extraction_gap	owner:prophylaxis_restraint_witness_missing	-	top_pv_matches_played	position_probe_missing	not_reached_no_release	-	-	-	-	-	-	-	source_prophylaxis_restraint	12	rnbqkb1r/pp3ppp/3p1n2/2pP4/4P3/2N5/PP3PPP/R1BQKBNR b KQkq - 0 6	g7g6	g7g6 h2h3 f8g7 g1f3 e8g8 f1d3 b7b5 d3b5 f6e4 c3e4 d8a5 f3d2 a5b5 e4d6 b5d3 d2c4 d3d1 e1d1 b8d7 d6c8 f8c8	-	6... g6: This is a pawn move to g6.	This is a pawn move to g6.	admission_blocked: owner:prophylaxis_restraint_witness_missing; planner_owner_missing_or_surface_unsafe: WhyThis:missing_move_owner | WhatMattersHere:position_probe_missing | WhatChanged:state_truth_only | WhyNow:generic_urgency_only+demotion_intentional_drop+demote_target_unavailable+demoted_to=WhyThis
9	115	engine_top_pv;opening_downranked	source-modern-benoni-6e4-00001-prophylaxis-restraint-ply-4	ModernBenoni6e4 #1: Boleslavsky, Isaak-Nezhmetdinov, Rashid, URS-ch sf	A:prophylaxis_restraint	reject_owner_missing	root_vocabulary_or_extraction_gap	owner:prophylaxis_restraint_witness_missing	-	top_pv_matches_played	position_probe_missing	not_reached_no_release	-	-	-	-	-	-	-	source_prophylaxis_restraint	4	rnbqkb1r/pppppppp/5n2/8/2PP4/8/PP2PPPP/RNBQKBNR b KQkq - 0 2	e7e6	e7e6 b1c3 f8b4 c1d2 e8g8 e2e3 d7d5 a2a3 b4e7 g1f3 b7b6 c4d5 e6d5 f1d3 c7c5 e1g1	-	2... e6: This is a pawn move to e6.	This is a pawn move to e6.	admission_blocked: owner:prophylaxis_restraint_witness_missing; planner_owner_missing_or_surface_unsafe: WhyThis:missing_move_owner | WhatMattersHere:position_probe_missing | WhatChanged:state_truth_only | WhyNow:generic_urgency_only+demotion_intentional_drop+demote_target_unavailable+demoted_to=WhyThis
10	115	engine_top_pv;opening_downranked	source-modern-benoni-6e4-00001-prophylaxis-restraint-ply-7	ModernBenoni6e4 #1: Boleslavsky, Isaak-Nezhmetdinov, Rashid, URS-ch sf	A:prophylaxis_restraint	reject_owner_missing	root_vocabulary_or_extraction_gap	owner:prophylaxis_restraint_witness_missing	-	top_pv_matches_played	position_probe_missing	not_reached_no_release	-	-	-	-	-	-	-	source_prophylaxis_restraint	7	rnbqkb1r/pp1p1ppp/4pn2/2p5/2PP4/2N5/PP2PPPP/R1BQKBNR w KQkq - 0 4	d4d5	d4d5 d7d6 e2e4 g7g6 f1d3 f8g7 h2h3 e8g8 g1f3 e6d5 c4d5 b7b5 c3b5 f8e8 e1g1 f6e4 a2a4 c8a6 f1e1 e4f6 e1e8 f6e8	-	4. d5: This is a pawn move to d5. This reinforces the HangingPawnsWhite structure with a symmetric center.	This is a pawn move to d5.	admission_blocked: owner:prophylaxis_restraint_witness_missing; planner_owner_missing_or_surface_unsafe: WhyThis:missing_move_owner | WhatMattersHere:position_probe_missing | WhatChanged:state_truth_only | WhyNow:generic_urgency_only+demotion_intentional_drop+demote_target_unavailable+demoted_to=WhyThis
11	95	engine_near_top;opening_downranked	source-modern-benoni-6e4-00001-prophylaxis-restraint-ply-1	ModernBenoni6e4 #1: Boleslavsky, Isaak-Nezhmetdinov, Rashid, URS-ch sf	A:prophylaxis_restraint	reject_owner_missing	root_vocabulary_or_extraction_gap	owner:prophylaxis_restraint_witness_missing	-	near_top_multipv_contains_played_top=e2e4_gap=1cp	position_probe_missing	not_reached_no_release	-	-	-	-	-	-	-	source_prophylaxis_restraint	1	rnbqkbnr/pppppppp/8/8/8/8/PPPPPPPP/RNBQKBNR w KQkq - 0 1	d2d4	e2e4 e7e5 g1f3 d7d6 d2d4 e5d4 f3d4 g8f6 b1c3 f8e7 f1c4 e8g8 e1g1 f8e8 f1e1 c7c6 c4d3	-	1. d4: This is a pawn move to d4.	This is a pawn move to d4.	admission_blocked: owner:prophylaxis_restraint_witness_missing; planner_owner_missing_or_surface_unsafe: WhyThis:missing_move_owner | WhatMattersHere:position_probe_missing | WhatChanged:state_truth_only | WhyNow:generic_urgency_only+demotion_intentional_drop+demote_target_unavailable+demoted_to=WhyThis
12	95	engine_near_top;opening_downranked	source-modern-benoni-6e4-00001-prophylaxis-restraint-ply-2	ModernBenoni6e4 #1: Boleslavsky, Isaak-Nezhmetdinov, Rashid, URS-ch sf	A:prophylaxis_restraint	reject_owner_missing	root_vocabulary_or_extraction_gap	owner:prophylaxis_restraint_witness_missing	-	near_top_multipv_contains_played_top=d7d5_gap=3cp	position_probe_missing	not_reached_no_release	-	-	-	-	-	-	-	source_prophylaxis_restraint	2	rnbqkbnr/pppppppp/8/8/3P4/8/PPP1PPPP/RNBQKBNR b KQkq - 0 1	g8f6	d7d5 c2c4 e7e6 b1c3 g8f6 g1f3 f8b4 c1g5 h7h6 g5f6 d8f6 e2e3 e8g8 f1e2 f8d8 e1g1 d5c4	-	1... Nf6: This puts the knight on f6.	This puts the knight on f6.	admission_blocked: owner:prophylaxis_restraint_witness_missing; planner_owner_missing_or_surface_unsafe: WhyThis:missing_move_owner | WhatMattersHere:position_probe_missing | WhatChanged:state_truth_only | WhyNow:generic_urgency_only+demotion_intentional_drop+demote_target_unavailable+demoted_to=WhyThis
13	95	engine_near_top;opening_downranked	source-modern-benoni-6e4-00001-prophylaxis-restraint-ply-3	ModernBenoni6e4 #1: Boleslavsky, Isaak-Nezhmetdinov, Rashid, URS-ch sf	A:prophylaxis_restraint	reject_owner_missing	root_vocabulary_or_extraction_gap	owner:prophylaxis_restraint_witness_missing	-	near_top_multipv_contains_played_top=g1f3_gap=1cp	position_probe_missing	not_reached_no_release	-	-	-	-	-	-	-	source_prophylaxis_restraint	3	rnbqkb1r/pppppppp/5n2/8/3P4/8/PPP1PPPP/RNBQKBNR w KQkq - 1 2	c2c4	g1f3 e7e6 c2c4 d7d5 c1g5 f8e7 e2e3 e8g8 b1c3 h7h6 g5h4 f6e4 c4d5 e4c3 b2c3	-	2. c4: This is a pawn move to c4.	This is a pawn move to c4.	admission_blocked: owner:prophylaxis_restraint_witness_missing; planner_owner_missing_or_surface_unsafe: WhyThis:missing_move_owner | WhatMattersHere:position_probe_missing | WhatChanged:state_truth_only | WhyNow:generic_urgency_only+demotion_intentional_drop+demote_target_unavailable+demoted_to=WhyThis
14	95	engine_near_top;opening_downranked	source-modern-benoni-6e4-00001-prophylaxis-restraint-ply-5	ModernBenoni6e4 #1: Boleslavsky, Isaak-Nezhmetdinov, Rashid, URS-ch sf	A:prophylaxis_restraint	reject_owner_missing	root_vocabulary_or_extraction_gap	owner:prophylaxis_restraint_witness_missing	-	near_top_multipv_contains_played_top=g1f3_gap=0cp	position_probe_missing	not_reached_no_release	-	-	-	-	-	-	-	source_prophylaxis_restraint	5	rnbqkb1r/pppp1ppp/4pn2/8/2PP4/8/PP2PPPP/RNBQKBNR w KQkq - 0 3	b1c3	g1f3 d7d5 b1c3 c7c5 c4d5 c5d4 d1d4 e6d5 e2e4 b8c6 f1b5 d5e4 d4d8 e8d8 f3g5 d8e8 e1g1 h7h6 g5e4 f8e7 b5c6 b7c6	-	3. Nc3: This puts the knight on c3.	This puts the knight on c3.	admission_blocked: owner:prophylaxis_restraint_witness_missing; planner_owner_missing_or_surface_unsafe: WhyThis:missing_move_owner | WhatMattersHere:position_probe_missing | WhatChanged:state_truth_only | WhyNow:generic_urgency_only+demotion_intentional_drop+demote_target_unavailable+demoted_to=WhyThis
15	90	engine_top_pv;contract_mismatch	source-modern-benoni-6e4-00001-prophylaxis-restraint-ply-19	ModernBenoni6e4 #1: Boleslavsky, Isaak-Nezhmetdinov, Rashid, URS-ch sf	A:prophylaxis_restraint	reject_owner_missing	root_vocabulary_or_extraction_gap	proof:prophylaxis_restraint_contract_mismatch	proof:prophylaxis_restraint_contract_mismatch	top_pv_matches_played	primary_CertifiedOwner	certified_owner_surface_not_blocking	exact_target_fixation	MoveLocal	proof_source=exact_target_fixation;proof_family=static_weakness_fixation;scope=MoveLocal;fallback=WeakMain;same_branch=Proven;persistence=Stable;seed=d6+fixed_target:d6+backward_pawn_target+benoni_d6_target+a cleaner bishop circuit+d3+e6+supports immediate tactical gain counterplay+central foothold+improves piece placement+c5+contest the pawn on c5+d6+fixed_target:d6+backward_pawn_target+benoni_d6_target+a-file+queenside;continuation=f3d2|b8a6+Na6+exact_target_fixation+fixed_target:d6+best_branch:g1h1|a6c7+d6+g1h1+a6c7;suppression=;risks=	subplan:static_weakness_fixation	Releasable	-	CertifiedOwner	source_prophylaxis_restraint	19	rnbqr1k1/pp3pbp/3p1np1/2pP4/4P3/2N2N2/PP2BPPP/R1BQ1RK1 w - - 6 10	f3d2	f3d2 b8a6 g1h1 a6c7 a2a4 b7b6 f2f3 d8e7 d2c4 c8a6 c1g5 a6c4 e2c4 h7h6 g5h4 a7a6 f3f4 b6b5 a4b5 a6b5 a1a8 e8a8	This changes the position by fixing d6 as the target.	10. Nd2: This changes the position by fixing d6 as the target. Before the move, d6 was not yet fixed as the target on that defended branch. That same defended branch keeps the pressure fixed on d6.	This changes the position by fixing d6 as the target. Before the move, d6 was not yet fixed as the target on that defended branch. That same defended branch keeps the pressure fixed on d6.	admission_blocked: proof:prophylaxis_restraint_contract_mismatch; planner_owner_missing_or_surface_unsafe: WhatMattersHere:position_probe_missing | WhyNow:admission_missing_owner_candidate+scene=quiet_improvement
16	90	engine_top_pv;contract_mismatch	source-modern-benoni-6e4-00001-prophylaxis-restraint-ply-21	ModernBenoni6e4 #1: Boleslavsky, Isaak-Nezhmetdinov, Rashid, URS-ch sf	A:prophylaxis_restraint	reject_owner_missing	root_vocabulary_or_extraction_gap	proof:prophylaxis_restraint_contract_mismatch	proof:prophylaxis_restraint_contract_mismatch	top_pv_matches_played	main_claim_scope=MoveLocal	not_reached_no_release	exact_target_fixation	MoveLocal	proof_source=exact_target_fixation;proof_family=static_weakness_fixation;scope=MoveLocal;fallback=WeakMain;same_branch=Proven;persistence=Stable;seed=d6+fixed_target:d6+backward_pawn_target+coordination improvement+c6+e5+supports immediate tactical gain counterplay+central foothold+improves piece placement+c5+contest the pawn on c5+d6+fixed_target:d6+backward_pawn_target+e4+f6+kingside;continuation=a2a4|a7a6+a6+exact_target_fixation+fixed_target:d6+best_branch:d1c2|b8d7+d6+d1c2+b8d7;suppression=;risks=	subplan:static_weakness_fixation	Releasable	-	-	source_prophylaxis_restraint	21	rnbqr1k1/p4pbp/1p1p1np1/2pP4/4P3/2N5/PP1NBPPP/R1BQ1RK1 w - - 0 11	a2a4	a2a4 a7a6 d1c2 b8d7 h2h3 a8b8 d2c4 d8e7 c1g5 d7e5 c4e3 h7h6 g5h4 g6g5 h4g3 e5g6 e3c4	The move has to happen now because otherwise a2a4 is demanded immediately.	11. a4: The move has to happen now because otherwise a2a4 is demanded immediately. If delayed, a2a4 is the reply. One concrete line that keeps the idea in play is a) Further probe work still targets Gaining flank space with a rook pawn through a3 and b3.	The move has to happen now because otherwise a2a4 is demanded immediately. If delayed, a2a4 is the reply.	admission_blocked: proof:prophylaxis_restraint_contract_mismatch; planner_owner_missing_or_surface_unsafe: WhatMattersHere:position_probe_missing | WhyThis:admission_SupportOnly+move_delta_support_only_outside_quiet_or_conversion_scene+scene=forcing_defense+planner_owner=MoveDelta+planner_source=target | WhatChanged:admission_SupportOnly+move_delta_support_only_outside_quiet_or_conversion_scene+scene=forcing_defense+planner_owner=MoveDelta+planner_source=target
17	70	engine_near_top;contract_mismatch	source-modern-benoni-6e4-00001-prophylaxis-restraint-ply-18	ModernBenoni6e4 #1: Boleslavsky, Isaak-Nezhmetdinov, Rashid, URS-ch sf	A:prophylaxis_restraint	reject_owner_missing	root_vocabulary_or_extraction_gap	proof:prophylaxis_restraint_contract_mismatch	proof:prophylaxis_restraint_contract_mismatch	near_top_multipv_contains_played_top=a7a6_gap=5cp	primary_CertifiedOwner	certified_owner_surface_not_blocking	exact_target_fixation	MoveLocal	proof_source=exact_target_fixation;proof_family=static_weakness_fixation;scope=MoveLocal;fallback=WeakMain;same_branch=Proven;persistence=Stable;seed=e4+fixed_target:e4+backward_pawn_target+open file occupation+e5+c4+supports immediate tactical gain counterplay+central foothold+pressure on a fixed weakness+c3+contest the knight on c3+e4+fixed_target:e4+backward_pawn_target+d6+queenside;continuation=f8e8|f3d2+Nd2+exact_target_fixation+fixed_target:e4+best_branch:b8a6|f1e1+e4+b8a6+f1e1;suppression=;risks=	subplan:static_weakness_fixation	Releasable	-	CertifiedOwner	source_prophylaxis_restraint	18	rnbq1rk1/pp3pbp/3p1np1/2pP4/4P3/2N2N2/PP2BPPP/R1BQ1RK1 b - - 5 9	f8e8	a7a6 a2a4 c8g4 c1f4 f8e8 f3d2 g4e2 d1e2 f6h5 f4e3 d8e7 g2g4 h5f6	This changes the position by fixing e4 as the target.	9... Re8: This changes the position by fixing e4 as the target. Before the move, e4 was not yet fixed as the target on that defended branch. One concrete line that keeps the idea in play is a) Further probe work still targets Gaining flank space with a rook pawn through c4 and g5. That same defended branch keeps the pressure fixed on e4.	This changes the position by fixing e4 as the target. Before the move, e4 was not yet fixed as the target on that defended branch. That same defended branch keeps the pressure fixed on e4.	admission_blocked: proof:prophylaxis_restraint_contract_mismatch; planner_owner_missing_or_surface_unsafe: WhatMattersHere:position_probe_missing
18	70	engine_near_top;contract_mismatch	source-modern-benoni-6e4-00001-prophylaxis-restraint-ply-23	ModernBenoni6e4 #1: Boleslavsky, Isaak-Nezhmetdinov, Rashid, URS-ch sf	A:prophylaxis_restraint	reject_owner_missing	root_vocabulary_or_extraction_gap	proof:prophylaxis_restraint_contract_mismatch	proof:prophylaxis_restraint_contract_mismatch	near_top_multipv_contains_played_top=e2a6_gap=11cp	primary_SupportedLocal	supported_local_surface_passed	counterplay_axis_suppression	MoveLocal	proof_source=counterplay_axis_suppression;proof_family=neutralize_key_break;scope=MoveLocal;fallback=WeakMain;same_branch=Proven;persistence=Stable;seed=...b5+b5+coordination improvement+d3+f4+supports immediate tactical gain counterplay+central foothold+improves piece placement+c5+contest the pawn on c5+...b5+b5+a-file+queenside;continuation=e2b5|a6b5+Bxb5;suppression=;risks=	runtime:neutralize_key_break	Releasable	-	SupportedLocal	source_prophylaxis_restraint	23	rn1qr1k1/p4pbp/bp1p1np1/2pP4/P3P3/2N5/1P1NBPPP/R1BQ1RK1 w - - 1 12	e2b5	e2a6 b8a6 f2f3 f6d7 c3b5 g7f8 d2c4 d7e5 c1g5 d8d7 c4e5 e8e5 g5f6 e5e8 b5a3 a6c7 b2b3 b6b5 a4b5 c7b5 a3c4 f8g7 f6g7 g8g7 a1a6	A local reading is that this keeps ...b5 from coming right away.	A local reading is that this keeps ...b5 from coming right away.	A local reading is that this keeps ...b5 from coming right away.	admission_blocked: proof:prophylaxis_restraint_contract_mismatch; planner_owner_missing_or_surface_unsafe: WhatMattersHere:position_probe_missing | WhyNow:admission_missing_owner_candidate+scene=quiet_improvement
19	65	engine_top_pv;contract_mismatch;opening_downranked	source-modern-benoni-6e4-00001-prophylaxis-restraint-ply-10	ModernBenoni6e4 #1: Boleslavsky, Isaak-Nezhmetdinov, Rashid, URS-ch sf	A:prophylaxis_restraint	reject_owner_missing	root_vocabulary_or_extraction_gap	proof:prophylaxis_restraint_contract_mismatch	proof:prophylaxis_restraint_contract_mismatch	top_pv_matches_played	primary_SupportedLocal	supported_local_surface_passed	counterplay_axis_suppression	MoveLocal	proof_source=counterplay_axis_suppression;proof_family=neutralize_key_break;scope=MoveLocal;fallback=WeakMain;same_branch=Proven;persistence=Stable;seed=d6+coordination improvement+e4+d4+supports immediate tactical gain counterplay+central foothold+outpost pressure+c3+contest the knight on c3+d6+h3+d-file+center;continuation=d7d6|h2h3+h3;suppression=;risks=	runtime:neutralize_key_break	Releasable	-	SupportedLocal	source_prophylaxis_restraint	10	rnbqkb1r/pp1p1ppp/5n2/2pP4/8/2N5/PP2PPPP/R1BQKBNR b KQkq - 0 5	d7d6	d7d6 h2h3 g7g6 g1f3 f8g7 e2e4 e8g8 f1d3 b7b5 c3b5 f8e8 e1g1 f6e4 d3e4 e8e4 b5c3 e4b4 f1e1 b8d7 a2a3 b4b7 c1g5	A local reading is that this keeps d6 from coming right away.	A local reading is that this keeps d6 from coming right away.	A local reading is that this keeps d6 from coming right away.	admission_blocked: proof:prophylaxis_restraint_contract_mismatch; planner_owner_missing_or_surface_unsafe: WhatMattersHere:position_probe_missing | WhyNow:admission_missing_owner_candidate+scene=quiet_improvement
20	40	engine_blocked	source-modern-benoni-6e4-00001-prophylaxis-restraint-ply-20	ModernBenoni6e4 #1: Boleslavsky, Isaak-Nezhmetdinov, Rashid, URS-ch sf	A:prophylaxis_restraint	reject_owner_missing	engine_top_move_disagrees	engine:source_move_absent_from_multipv;owner:prophylaxis_restraint_witness_missing	-	pv_available_top_differs:b8a6	position_probe_missing	not_reached_no_release	-	-	-	-	-	-	-	source_prophylaxis_restraint	20	rnbqr1k1/pp3pbp/3p1np1/2pP4/4P3/2N5/PP1NBPPP/R1BQ1RK1 b - - 7 10	b7b6	b8a6 f2f3 a6c7 a2a4 b7b6 g1h1 h7h6 d2c4 c8a6 f1e1 a6c4 e2c4 a7a6	-	10... b6: This is a pawn move to b6.	This is a pawn move to b6.	admission_blocked: engine:source_move_absent_from_multipv;owner:prophylaxis_restraint_witness_missing; planner_owner_missing_or_surface_unsafe: WhyThis:missing_move_owner | WhatMattersHere:position_probe_missing | WhatChanged:state_truth_only | WhyNow:generic_urgency_only+demotion_intentional_drop+demote_target_unavailable+demoted_to=WhyThis
21	40	engine_blocked	source-modern-benoni-6e4-00001-prophylaxis-restraint-ply-22	ModernBenoni6e4 #1: Boleslavsky, Isaak-Nezhmetdinov, Rashid, URS-ch sf	A:prophylaxis_restraint	reject_owner_missing	engine_top_move_disagrees	engine:source_move_absent_from_multipv;owner:prophylaxis_restraint_witness_missing	-	pv_available_top_differs:b8d7	position_probe_missing	not_reached_no_release	-	-	-	-	-	-	-	source_prophylaxis_restraint	22	rnbqr1k1/p4pbp/1p1p1np1/2pP4/P3P3/2N5/1P1NBPPP/R1BQ1RK1 b - - 0 11	c8a6	b8d7 h2h3 a7a6 a1a3 a8b8 f1e1 d8c7 d1c2 c7d8 e1d1 d8c7 d1f1 c7d8 f1e1	-	11... Ba6: This puts the bishop on a6.	This puts the bishop on a6.	admission_blocked: engine:source_move_absent_from_multipv;owner:prophylaxis_restraint_witness_missing; planner_owner_missing_or_surface_unsafe: WhyThis:missing_move_owner | WhatMattersHere:position_probe_missing | WhatChanged:state_truth_only | WhyNow:generic_urgency_only+demotion_intentional_drop+demote_target_unavailable+demoted_to=WhyThis
22	40	engine_blocked	source-modern-benoni-6e4-00001-prophylaxis-restraint-ply-28	ModernBenoni6e4 #1: Boleslavsky, Isaak-Nezhmetdinov, Rashid, URS-ch sf	A:prophylaxis_restraint	reject_owner_missing	engine_top_move_disagrees	engine:source_move_absent_from_multipv;owner:prophylaxis_restraint_witness_missing	-	pv_available_top_differs:d8e7	position_probe_missing	not_reached_no_release	-	-	-	-	-	-	-	source_prophylaxis_restraint	28	r2qr1k1/p2n1pbp/1p1p1np1/1PpP4/4P3/2N5/1PQN1PPP/R1B2RK1 b - - 2 14	d7e5	d8e7 a1a4 f6h5 h2h3 e7f8 g2g4 h5f4 d2c4 g6g5 c3e2 f4e2 c2e2 d7f6 c4e3 f6e4 e2d3 c5c4 a4c4 e4c5 d3f5 a7a6 b5a6 b6b5	The move has to happen now because otherwise d8e7 is demanded immediately.	14... Ne5: The move has to happen now because otherwise d8e7 is demanded immediately. If delayed, d8e7 is the reply. One concrete line that keeps the idea in play is a) Further probe work still targets Gaining flank space with a rook pawn through c4 and g5.	The move has to happen now because otherwise d8e7 is demanded immediately. If delayed, d8e7 is the reply.	admission_blocked: engine:source_move_absent_from_multipv;owner:prophylaxis_restraint_witness_missing; planner_owner_missing_or_surface_unsafe: WhyThis:missing_move_owner | WhatMattersHere:position_probe_missing | WhatChanged:state_truth_only
23	15	engine_blocked;opening_downranked	source-modern-benoni-6e4-00001-prophylaxis-restraint-ply-6	ModernBenoni6e4 #1: Boleslavsky, Isaak-Nezhmetdinov, Rashid, URS-ch sf	A:prophylaxis_restraint	reject_owner_missing	engine_top_move_disagrees	engine:source_move_absent_from_multipv;owner:prophylaxis_restraint_witness_missing	-	pv_available_top_differs:d7d5	position_probe_missing	not_reached_no_release	-	-	-	-	-	-	-	source_prophylaxis_restraint	6	rnbqkb1r/pppp1ppp/4pn2/8/2PP4/2N5/PP2PPPP/R1BQKBNR b KQkq - 1 3	c7c5	d7d5 c4d5 f6d5 e2e3 c7c5 f1d3 c5d4 e3d4 f8e7 g1e2	-	3... c5: This is a pawn move to c5. This reinforces the HangingPawnsWhite structure with a fluid center.	This is a pawn move to c5.	admission_blocked: engine:source_move_absent_from_multipv;owner:prophylaxis_restraint_witness_missing; planner_owner_missing_or_surface_unsafe: WhyThis:missing_move_owner | WhatMattersHere:position_probe_missing | WhatChanged:state_truth_only | WhyNow:generic_urgency_only+demotion_intentional_drop+demote_target_unavailable+demoted_to=WhyThis
24	-10	engine_blocked;contract_mismatch	source-modern-benoni-6e4-00001-prophylaxis-restraint-ply-13	ModernBenoni6e4 #1: Boleslavsky, Isaak-Nezhmetdinov, Rashid, URS-ch sf	A:prophylaxis_restraint	reject_owner_missing	engine_top_move_disagrees	engine:source_move_absent_from_multipv;proof:prophylaxis_restraint_contract_mismatch	proof:prophylaxis_restraint_contract_mismatch	pv_available_top_differs:f2f4	main_claim_scope=MoveLocal	not_reached_no_release	exact_target_fixation	MoveLocal	proof_source=exact_target_fixation;proof_family=static_weakness_fixation;scope=MoveLocal;fallback=WeakMain;same_branch=Proven;persistence=Stable;seed=d6+fixed_target:d6+backward_pawn_target+plan activation lane+f3+e5+supports opening development and center control+central foothold+improves piece placement+c5+contest the pawn on c5+d6+fixed_target:d6+backward_pawn_target+f6+d5+a5+center;continuation=f2f4|f8g7+Bg7+exact_target_fixation+fixed_target:d6+best_branch:f1b5|f6d7+d6+f1b5+f6d7;suppression=;risks=	subplan:static_weakness_fixation	Releasable	-	-	source_prophylaxis_restraint	13	rnbqkb1r/pp3p1p/3p1np1/2pP4/4P3/2N5/PP3PPP/R1BQKBNR w KQkq - 0 7	f1e2	f2f4 f8g7 f1b5 f6d7 b5e2 d8h4 g2g3 h4e7 g1f3 e8g8 e1g1 f8e8 e2d3 d7b6 f4f5 b8d7 c1g5 e7f8 g3g4	The move has to happen now because otherwise f2f4 is demanded immediately.	7. Be2: The move has to happen now because otherwise f2f4 is demanded immediately. If delayed, f2f4 is the reply. One concrete line that keeps the idea in play is a) Further probe work still targets Development and central control through f3 and e5.	The move has to happen now because otherwise f2f4 is demanded immediately. If delayed, f2f4 is the reply.	admission_blocked: engine:source_move_absent_from_multipv;proof:prophylaxis_restraint_contract_mismatch; planner_owner_missing_or_surface_unsafe: WhatMattersHere:position_probe_missing | WhyThis:admission_SupportOnly+move_delta_support_only_outside_quiet_or_conversion_scene+scene=forcing_defense+planner_owner=MoveDelta+planner_source=target | WhatChanged:admission_missing_owner_candidate+scene=forcing_defense
