id	reviewGroup	release	taxonomy	plannerOwner	primary	bookmaker	chronicle	leak	rejected	contractId	contractStatus	contractFailures	note
B15A-certified-carlsbad	B:fixed_target	CertifiedOwner	certified_owner_path	WhatMattersHere:PositionProbe:carlsbad_fixed_target_probe	The key strategic fact here is that c6 is the fixed target.	The key strategic fact here is that c6 is the fixed target. So the task is to keep the queenside pressure trained on c6 instead of rushing a conversion.	The key strategic fact here is that c6 is the fixed target. So the task is to keep the queenside pressure trained on c6 instead of rushing a conversion.	false	WhyThis:missing_move_owner | WhatChanged:state_truth_only | WhyNow:admission_missing_owner_candidate+scene=quiet_improvement	subplan:backward_pawn_targeting	Releasable	none	Carlsbad fixed-chain pressure exact control.
B16B-certified-carlsbad	B:fixed_target	CertifiedOwner	certified_owner_path	WhatMattersHere:PositionProbe:carlsbad_fixed_target_probe	The key strategic fact here is that c6 is the fixed target.	The key strategic fact here is that c6 is the fixed target. So the task is to keep the queenside pressure trained on c6 instead of rushing a conversion.	The key strategic fact here is that c6 is the fixed target. So the task is to keep the queenside pressure trained on c6 instead of rushing a conversion.	false	WhyThis:missing_move_owner | WhatChanged:state_truth_only | WhyNow:generic_urgency_only+demotion_intentional_drop+demote_target_unavailable+demoted_to=WhyThis	subplan:backward_pawn_targeting	Releasable	none	Trade-resistance pressure exact control.
K09A-certified-coordination	B:target_coordination	CertifiedOwner	certified_owner_path	WhatMattersHere:PositionProbe:target_focused_coordination_probe	The key strategic fact here is that the pressure is coordinated on c6.	The key strategic fact here is that the pressure is coordinated on c6. So the task is to keep the pressure coordinated on c6 until the target has to give way.	The key strategic fact here is that the pressure is coordinated on c6. So the task is to keep the pressure coordinated on c6 until the target has to give way.	false	WhyThis:missing_move_owner | WhatChanged:state_truth_only | WhyNow:generic_urgency_only+demotion_intentional_drop+demote_target_unavailable+demoted_to=WhyThis	runtime:target_focused_coordination	Releasable	none	Preparatory coordination exact control.
K09D-certified-coordination	B:target_coordination	CertifiedOwner	certified_owner_path	WhatMattersHere:PositionProbe:target_focused_coordination_probe	The key strategic fact here is that the pressure is coordinated on c6.	The key strategic fact here is that the pressure is coordinated on c6. So the task is to keep the pressure coordinated on c6 until the target has to give way.	The key strategic fact here is that the pressure is coordinated on c6. So the task is to keep the pressure coordinated on c6 until the target has to give way.	false	WhyThis:missing_move_owner | WhatChanged:state_truth_only | WhyNow:admission_missing_owner_candidate+scene=quiet_improvement	runtime:target_focused_coordination	Releasable	none	Coordination blocker still owns the target-focused probe.
B21-certified-target-delta	B:target_fixation_delta	CertifiedOwner	certified_owner_path	WhatChanged:MoveDelta:target	This changes the position by fixing d6 as the target.	This changes the position by fixing d6 as the target. Before the move, d6 was not yet fixed as the target on that defended branch. That same defended branch keeps the pressure fixed on d6.	This changes the position by fixing d6 as the target. Before the move, d6 was not yet fixed as the target on that defended branch. That same defended branch keeps the pressure fixed on d6.	false	WhatMattersHere:position_probe_missing | WhyNow:admission_missing_owner_candidate+scene=quiet_improvement	subplan:static_weakness_fixation	Releasable	none	Move-local exact target fixation.
B21A-certified-target-delta	B:target_fixation_delta	CertifiedOwner	certified_owner_path	WhatChanged:MoveDelta:target	This changes the position by fixing d6 as the target.	This changes the position by fixing d6 as the target. Before the move, d6 was not yet fixed as the target on that defended branch. That same defended branch keeps the pressure fixed on d6.	This changes the position by fixing d6 as the target. Before the move, d6 was not yet fixed as the target on that defended branch. That same defended branch keeps the pressure fixed on d6.	false	WhatMattersHere:position_probe_missing	subplan:static_weakness_fixation	Releasable	none	Move-local exact target fixation follow-up.
K09B-certified-simplification	C:simplification	CertifiedOwner	certified_owner_path	WhyThis:MoveDelta:target	This trade keeps the same local edge on e6.	This trade keeps the same local edge on e6. The practical alternative Nxe6 remains secondary here.	This trade keeps the same local edge on e6. The practical alternative Nxe6 remains secondary here.	false	WhatMattersHere:position_probe_missing | WhyNow:admission_missing_owner_candidate+scene=quiet_improvement	subplan:simplification_window	Releasable	none	Same-task favorable simplification exact control.
K09F-certified-simplification	C:simplification	CertifiedOwner	certified_owner_path	WhyThis:MoveDelta:target	This trade keeps the same local edge on e6.	This trade keeps the same local edge on e6. The practical alternative Nxe6 remains secondary here.	This trade keeps the same local edge on e6. The practical alternative Nxe6 remains secondary here.	false	WhatMattersHere:position_probe_missing	subplan:simplification_window	Releasable	none	Holdable simplification breadth control.
K03A-suppressed-carlsbad	B:blocker	Suppressed	position_probe_not_certified	-	-	-	-	false	WhyThis:missing_move_owner | WhatMattersHere:position_probe_missing | WhatChanged:state_truth_only | WhyNow:generic_urgency_only+demotion_intentional_drop+demote_target_unavailable+demoted_to=WhyThis	-	-	-	Carlsbad sibling row stays closed.
K08A-suppressed-trade-candidate	C:blocker	Suppressed	attacking_piece_trade_unowned	-	-	-	-	false	WhyThis:missing_move_owner | WhatMattersHere:position_probe_missing | WhatChanged:state_truth_only | WhyNow:generic_urgency_only+demotion_intentional_drop+demote_target_unavailable+demoted_to=WhyThis	-	-	-	Attacking-piece trade candidate stays closed.
K08D-suppressed-trade-near-miss	C:blocker	Suppressed	root_best_near_miss	-	-	-	-	false	WhyThis:missing_move_owner | WhatMattersHere:position_probe_missing | WhatChanged:state_truth_only | WhyNow:admission_missing_owner_candidate+scene=quiet_improvement	-	-	-	Root-best near miss stays closed.
MI5-suppressed-queen-trade	C:blocker	Suppressed	tactic_first_relief	-	-	-	-	false	WhyThis:missing_move_owner | WhatMattersHere:position_probe_missing | WhatChanged:state_truth_only | WhyNow:generic_urgency_only+demotion_intentional_drop+demote_target_unavailable+demoted_to=WhyThis	-	-	-	Queen-trade relief row stays closed.
natural-K09A	natural:blocker	CertifiedOwner	certified_coordination_not_task_shift	WhatMattersHere:PositionProbe:target_focused_coordination_probe	The key strategic fact here is that the pressure is coordinated on c6.	The key strategic fact here is that the pressure is coordinated on c6. So the task is to keep the pressure coordinated on c6 until the target has to give way.	The key strategic fact here is that the pressure is coordinated on c6. So the task is to keep the pressure coordinated on c6 until the target has to give way.	false	WhyThis:missing_move_owner | WhatChanged:state_truth_only | WhyNow:generic_urgency_only+demotion_intentional_drop+demote_target_unavailable+demoted_to=WhyThis	runtime:target_focused_coordination	Releasable	none	Setup move only; the B7 handoff still belongs to the later simplifying branch.
natural-K09B	natural:C	CertifiedOwner	certified_owner_path	WhyThis:MoveDelta:target	This trade keeps the same local edge on e6.	This trade keeps the same local edge on e6. The practical alternative Nxe6 remains secondary here.	This trade keeps the same local edge on e6. The practical alternative Nxe6 remains secondary here.	false	WhatMattersHere:position_probe_missing | WhyNow:admission_missing_owner_candidate+scene=quiet_improvement	subplan:simplification_window	Releasable	none	Exact d4e6|f7e6 branch now carries planner-owned same-task simplification on the existing MoveDelta -> WhyThis lane; do not reuse it as B7 evidence.
natural-K09F	natural:C	CertifiedOwner	certified_owner_path	WhyThis:MoveDelta:target	This trade keeps the same local edge on e6.	This trade keeps the same local edge on e6. The practical alternative Nxe6 remains secondary here.	This trade keeps the same local edge on e6. The practical alternative Nxe6 remains secondary here.	false	WhatMattersHere:position_probe_missing	subplan:simplification_window	Releasable	none	Exact d4e6|f7e6 branch survives only as same-task simplification; residual breadth keeps it out of any B7 shifted-task reading.
natural-K09D	natural:blocker	CertifiedOwner	same_job_or_conversion_relabel_blocked	WhatMattersHere:PositionProbe:target_focused_coordination_probe	The key strategic fact here is that the pressure is coordinated on c6.	The key strategic fact here is that the pressure is coordinated on c6. So the task is to keep the pressure coordinated on c6 until the target has to give way.	The key strategic fact here is that the pressure is coordinated on c6. So the task is to keep the pressure coordinated on c6 until the target has to give way.	false	WhyThis:missing_move_owner | WhatChanged:state_truth_only | WhyNow:admission_missing_owner_candidate+scene=quiet_improvement	runtime:target_focused_coordination	Releasable	none	Root-best keeps the branch in coordination and prophylaxis rather than simplification ownership.
natural-K09E	natural:blocker	Suppressed	rival_release	-	-	-	-	false	WhyThis:missing_move_owner | WhatMattersHere:position_probe_missing | WhatChanged:state_truth_only | WhyNow:generic_urgency_only+demotion_intentional_drop+demote_target_unavailable+demoted_to=WhyThis	-	-	-	The best branch stays anchored to file pressure and release features.
natural-K08A	natural:C-blocker	Suppressed	attacking_piece_trade_unowned	-	-	-	-	false	WhyThis:missing_move_owner | WhatMattersHere:position_probe_missing | WhatChanged:state_truth_only | WhyNow:generic_urgency_only+demotion_intentional_drop+demote_target_unavailable+demoted_to=WhyThis	-	-	-	Candidate-only row for trading off Black's advanced c4-knight; promote only if the planner can materialize a distinct move-local pressure-reduction owner instead of tactic-first or generic exchange prose.
natural-K08D	natural:C-blocker	Suppressed	root_best_near_miss	-	-	-	-	false	WhyThis:missing_move_owner | WhatMattersHere:position_probe_missing | WhatChanged:state_truth_only | WhyNow:admission_missing_owner_candidate+scene=quiet_improvement	-	-	-	The local Bxf6 trade idea exists, but the row must fail closed if the exact root-best branch stays with g-pawn expansion before any attacking-piece exchange.
natural-MI5	natural:C-blocker	Suppressed	tactic_first_relief	-	-	-	-	false	WhyThis:missing_move_owner | WhatMattersHere:position_probe_missing | WhatChanged:state_truth_only | WhyNow:generic_urgency_only+demotion_intentional_drop+demote_target_unavailable+demoted_to=WhyThis	-	-	-	Exploratory exact row for the existing queen-trade-shield slice: count it only if trading White's queen on d6 materializes as a move-local pressure-reduction owner rather than generic favorable exchange.
natural-D01A	natural:blocker	Suppressed	prophylaxis_absorption	-	-	-	-	false	WhyThis:missing_move_owner | WhatMattersHere:position_probe_missing | WhatChanged:state_truth_only | WhyNow:generic_urgency_only+demotion_intentional_drop+demote_target_unavailable+demoted_to=WhyThis	-	-	-	Exact a3 branch makes b4 unavailable, but Cluster D may open only if the one-square effect materializes as its own move-local owner rather than collapsing into the prophylactic named-resource lane or generic route-denial prose.
natural-D01B	natural:blocker	Suppressed	file_entry_relabel_boundary	-	-	-	-	false	WhyThis:missing_move_owner | WhatMattersHere:position_probe_missing | WhatChanged:state_truth_only | WhyNow:generic_urgency_only+demotion_intentional_drop+demote_target_unavailable+demoted_to=WhyThis	-	-	-	Exact boundary contrast only: the c-file plus b4 pair belongs to the promoted half-open-file packet and must remain outside standalone entry-square review.
natural-K03A	natural:B	Suppressed	certified_or_fail_closed_target_fixation	-	-	-	-	false	WhyThis:missing_move_owner | WhatMattersHere:position_probe_missing | WhatChanged:state_truth_only | WhyNow:generic_urgency_only+demotion_intentional_drop+demote_target_unavailable+demoted_to=WhyThis	-	-	-	Fixed-target Carlsbad pressure stays the family truth.
natural-B15A	natural:B	CertifiedOwner	certified_or_fail_closed_target_fixation	WhatMattersHere:PositionProbe:carlsbad_fixed_target_probe	The key strategic fact here is that c6 is the fixed target.	The key strategic fact here is that c6 is the fixed target. So the task is to keep the queenside pressure trained on c6 instead of rushing a conversion.	The key strategic fact here is that c6 is the fixed target. So the task is to keep the queenside pressure trained on c6 instead of rushing a conversion.	false	WhyThis:missing_move_owner | WhatChanged:state_truth_only | WhyNow:admission_missing_owner_candidate+scene=quiet_improvement	subplan:backward_pawn_targeting	Releasable	none	The branch stays in fixed-chain pressure and queen-side release.
natural-B16B	natural:B	CertifiedOwner	certified_or_fail_closed_target_fixation	WhatMattersHere:PositionProbe:carlsbad_fixed_target_probe	The key strategic fact here is that c6 is the fixed target.	The key strategic fact here is that c6 is the fixed target. So the task is to keep the queenside pressure trained on c6 instead of rushing a conversion.	The key strategic fact here is that c6 is the fixed target. So the task is to keep the queenside pressure trained on c6 instead of rushing a conversion.	false	WhyThis:missing_move_owner | WhatChanged:state_truth_only | WhyNow:generic_urgency_only+demotion_intentional_drop+demote_target_unavailable+demoted_to=WhyThis	subplan:backward_pawn_targeting	Releasable	none	Trade resistance still serves fixed-target pressure, not a new B7 task.
natural-MI2	natural:blocker	Suppressed	same_job_or_conversion_relabel_blocked	-	-	-	-	false	WhyThis:missing_move_owner | WhatMattersHere:position_probe_missing | WhatChanged:state_truth_only | WhyNow:generic_urgency_only+demotion_intentional_drop+demote_target_unavailable+demoted_to=WhyThis	-	-	-	Trade ideas exist only off the root best branch, so the row fail-closes.
natural-MI3	natural:blocker	Suppressed	same_job_or_conversion_relabel_blocked	-	-	-	-	false	WhyThis:missing_move_owner | WhatMattersHere:position_probe_missing | WhatChanged:state_truth_only | WhyNow:admission_missing_owner_candidate+scene=quiet_improvement	-	-	-	Cash-in conversion dominates the branch and would relabel B1 into B7.
natural-B21	natural:B	CertifiedOwner	certified_or_fail_closed_target_fixation	WhatChanged:MoveDelta:target	This changes the position by fixing d6 as the target.	This changes the position by fixing d6 as the target. Before the move, d6 was not yet fixed as the target on that defended branch. That same defended branch keeps the pressure fixed on d6.	This changes the position by fixing d6 as the target. Before the move, d6 was not yet fixed as the target on that defended branch. That same defended branch keeps the pressure fixed on d6.	false	WhatMattersHere:position_probe_missing | WhyNow:admission_missing_owner_candidate+scene=quiet_improvement	subplan:static_weakness_fixation	Releasable	none	Target fixation is the whole task; no simplification handoff appears.
natural-B21A	natural:B	CertifiedOwner	certified_or_fail_closed_target_fixation	WhatChanged:MoveDelta:target	This changes the position by fixing d6 as the target.	This changes the position by fixing d6 as the target. Before the move, d6 was not yet fixed as the target on that defended branch. That same defended branch keeps the pressure fixed on d6.	This changes the position by fixing d6 as the target. Before the move, d6 was not yet fixed as the target on that defended branch. That same defended branch keeps the pressure fixed on d6.	false	WhatMattersHere:position_probe_missing	subplan:static_weakness_fixation	Releasable	none	The follow-up persists in the same target-fixation family.
source-evans-opsahl-1950	source:B:carlsbad_fixed_target	CertifiedOwner	source_carlsbad_fixed_target	WhatMattersHere:PositionProbe:carlsbad_fixed_target_probe	The key strategic fact here is that c6 is the fixed target.	The key strategic fact here is that c6 is the fixed target. The practical alternative b4 remains secondary here. One concrete line that keeps the idea in play is a) Further probe work still targets Gaining flank space with a rook pawn through a3 and b3. So the task is to keep the queenside pressure trained on c6 instead of rushing a conversion.	The key strategic fact here is that c6 is the fixed target. The practical alternative b4 remains secondary here.	false	WhatChanged:state_truth_only | WhyNow:admission_missing_owner_candidate+scene=quiet_improvement	subplan:backward_pawn_targeting	Releasable	none	Fixed source surface fixture copied from prior SourceReview evidence; surface-contract replay only.
source-carlsen-anand-2014-g6	source:C:queen_trade_shield	SupportedLocal	source_queen_trade_boundary	WhyThis:MoveDelta:queen_trade_shield	A local reading is that this exchange moves the game into the queenless branch.	A local reading is that this exchange moves the game into the queenless branch.	A local reading is that this exchange moves the game into the queenless branch.	false	WhatMattersHere:position_probe_missing	subplan:queen_trade_shield	Releasable	none	Fixed source surface fixture copied from prior SourceReview evidence; surface-contract replay only.
source-capablanca-golombek-1939-iqp-inducement	source:C:iqp_inducement	SupportedLocal	source_iqp_inducement	WhyThis:MoveDelta:iqp_inducement_probe	A local reading is that this sequence leaves an isolated pawn as the local target.	A local reading is that this sequence leaves an isolated pawn as the local target.	A local reading is that this sequence leaves an isolated pawn as the local target.	false	WhatMattersHere:position_probe_missing | WhyNow:admission_missing_owner_candidate+scene=quiet_improvement	subplan:iqp_inducement	Releasable	none	Fixed source surface fixture copied from prior SourceReview evidence; surface-contract replay only.
source-evans-opsahl-1950-iqp-inducement	source:C:iqp_inducement	SupportedLocal	source_iqp_inducement	WhyThis:MoveDelta:iqp_inducement_probe	A local reading is that this sequence leaves an isolated pawn as the local target.	A local reading is that this sequence leaves an isolated pawn as the local target.	A local reading is that this sequence leaves an isolated pawn as the local target.	false	WhatMattersHere:position_probe_missing	subplan:iqp_inducement	Releasable	none	Fixed source surface fixture copied from prior SourceReview evidence; surface-contract replay only.
source-alekhine-bogoljubow-1936-iqp-inducement	source:C:iqp_inducement	SupportedLocal	source_iqp_inducement	WhyThis:MoveDelta:iqp_inducement_probe	A local reading is that this sequence leaves an isolated pawn as the local target.	A local reading is that this sequence leaves an isolated pawn as the local target.	A local reading is that this sequence leaves an isolated pawn as the local target.	false	WhatMattersHere:position_probe_missing | WhyNow:admission_missing_owner_candidate+scene=quiet_improvement	subplan:iqp_inducement	Releasable	none	Fixed source surface fixture copied from prior SourceReview evidence; surface-contract replay only.
source-najdorf-sergeant-1939-iqp-inducement	source:C:iqp_inducement	SupportedLocal	source_iqp_inducement	WhyThis:MoveDelta:iqp_inducement_probe	A local reading is that this sequence leaves an isolated pawn as the local target.	A local reading is that this sequence leaves an isolated pawn as the local target.	A local reading is that this sequence leaves an isolated pawn as the local target.	false	WhatMattersHere:position_probe_missing	subplan:iqp_inducement	Releasable	none	Fixed source surface fixture copied from prior SourceReview evidence; surface-contract replay only.
source-botvinnik-vidmar-1936-iqp-opening-inducement	source:C:iqp_inducement	SupportedLocal	source_iqp_inducement	WhyThis:MoveDelta:iqp_inducement_probe	A local reading is that this sequence leaves an isolated pawn as the local target.	A local reading is that this sequence leaves an isolated pawn as the local target.	A local reading is that this sequence leaves an isolated pawn as the local target.	false	WhatMattersHere:position_probe_missing | WhyNow:admission_missing_owner_candidate+scene=quiet_improvement	subplan:iqp_inducement	Releasable	none	Fixed source surface fixture copied from prior SourceReview evidence; surface-contract replay only.
source-maderna-palermo-1955-a6-a5-break-prevention	source:A:break_prevention	SupportedLocal	source_break_prevention	WhyThis:MoveDelta:counterplay_axis_suppression	A local reading is that this keeps ...a5 from coming right away.	A local reading is that this keeps ...a5 from coming right away.	A local reading is that this keeps ...a5 from coming right away.	false	WhatMattersHere:position_probe_missing | WhyNow:admission_missing_owner_candidate+scene=quiet_improvement	runtime:neutralize_key_break	Releasable	none	Fixed source surface fixture copied from prior SourceReview evidence; surface-contract replay only.
source-camara-bazan-1960-b7-b5-break-prevention	source:A:break_prevention	SupportedLocal	source_break_prevention	WhyThis:MoveDelta:counterplay_axis_suppression	A local reading is that this keeps ...b5 from coming right away.	A local reading is that this keeps ...b5 from coming right away.	A local reading is that this keeps ...b5 from coming right away.	false	WhatMattersHere:position_probe_missing | WhyNow:admission_missing_owner_candidate+scene=quiet_improvement	runtime:neutralize_key_break	Releasable	none	Fixed source surface fixture copied from prior SourceReview evidence; surface-contract replay only.
source-pfleger-maalouf-1961-a6-a5-break-prevention	source:A:break_prevention	SupportedLocal	source_break_prevention	WhyThis:MoveDelta:counterplay_axis_suppression	A local reading is that this keeps ...a5 from coming right away.	A local reading is that this keeps ...a5 from coming right away.	A local reading is that this keeps ...a5 from coming right away.	false	WhatMattersHere:position_probe_missing | WhyNow:admission_missing_owner_candidate+scene=quiet_improvement	runtime:neutralize_key_break	Releasable	none	Fixed source surface fixture copied from prior SourceReview evidence; surface-contract replay only.
source-salov-ljubojevic-1992-simplification-window	source:C:simplification_window	CertifiedOwner	source_simplification_window	WhyThis:MoveDelta:target	This trade keeps the same local edge on d5.	This trade keeps the same local edge on d5. The practical alternative Qxd5 remains secondary here.	This trade keeps the same local edge on d5. The practical alternative Qxd5 remains secondary here.	false	WhatMattersHere:position_probe_missing	subplan:simplification_window	Releasable	none	Fixed source surface fixture copied from prior SourceReview evidence; surface-contract replay only.
source-boleslavsky-nezhmetdinov-1950-static-weakness-fixation	source:B:static_weakness_fixation	CertifiedOwner	source_static_weakness_fixation	WhatChanged:MoveDelta:target	This changes the position by fixing d6 as the target.	This changes the position by fixing d6 as the target. Before the move, d6 was not yet fixed as the target on that defended branch. That same defended branch keeps the pressure fixed on d6.	This changes the position by fixing d6 as the target. Before the move, d6 was not yet fixed as the target on that defended branch. That same defended branch keeps the pressure fixed on d6.	false	WhatMattersHere:position_probe_missing | WhyNow:admission_missing_owner_candidate+scene=quiet_improvement	subplan:static_weakness_fixation	Releasable	none	Fixed source surface fixture copied from prior SourceReview evidence; surface-contract replay only.
source-aronian-andreikin-2014-defender-trade	source:C:defender_trade	SupportedLocal	source_defender_trade	WhyThis:MoveDelta:defender_trade	A local reading is that this exchange removes a defender on the local branch.	A local reading is that this exchange removes a defender on the local branch.	A local reading is that this exchange removes a defender on the local branch.	false	WhatMattersHere:position_probe_missing | WhyNow:admission_missing_owner_candidate+scene=quiet_improvement	subplan:defender_trade	Releasable	none	Fixed source surface fixture copied from prior SourceReview evidence; surface-contract replay only.
screen-K03B	screen:B:fixed_target_candidate	Suppressed	fen_only_owner_path_missing	-	-	-	-	false	WhyThis:missing_move_owner | WhatMattersHere:position_probe_missing | WhatChanged:state_truth_only | WhyNow:generic_urgency_only+demotion_intentional_drop+demote_target_unavailable+demoted_to=WhyThis	-	-	-	FEN-only Carlsbad target candidate; no PV owner proof.
screen-K03C	screen:B:fixed_target_candidate	Suppressed	fen_only_owner_path_missing	-	-	-	-	false	WhyThis:missing_move_owner | WhatMattersHere:position_probe_missing | WhatChanged:state_truth_only | WhyNow:generic_urgency_only+demotion_intentional_drop+demote_target_unavailable+demoted_to=WhyThis	-	-	-	FEN-only Carlsbad target candidate; no PV owner proof.
screen-K03D	screen:B:fixed_target_candidate	Suppressed	fen_only_owner_path_missing	-	-	-	-	false	WhyThis:missing_move_owner | WhatMattersHere:position_probe_missing | WhatChanged:state_truth_only | WhyNow:generic_urgency_only+demotion_intentional_drop+demote_target_unavailable+demoted_to=WhyThis	-	-	-	FEN-only Carlsbad target candidate; no PV owner proof.
screen-K09C	screen:C:simplification_candidate	Suppressed	fen_only_owner_path_missing	-	-	-	-	false	WhyThis:missing_move_owner | WhatMattersHere:position_probe_missing | WhatChanged:state_truth_only | WhyNow:generic_urgency_only+demotion_intentional_drop+demote_target_unavailable+demoted_to=WhyThis	-	-	-	FEN-only IQP simplification candidate; no same-branch owner proof.
screen-K09G	screen:C:simplification_candidate	Suppressed	fen_only_owner_path_missing	-	-	-	-	false	WhyThis:missing_move_owner | WhatMattersHere:position_probe_missing | WhatChanged:state_truth_only | WhyNow:generic_urgency_only+demotion_intentional_drop+demote_target_unavailable+demoted_to=WhyThis	-	-	-	FEN-only IQP simplification candidate; no same-branch owner proof.
screen-K09H	screen:C:simplification_candidate	Suppressed	fen_only_owner_path_missing	-	-	-	-	false	WhyThis:missing_move_owner | WhatMattersHere:position_probe_missing | WhatChanged:state_truth_only | WhyNow:generic_urgency_only+demotion_intentional_drop+demote_target_unavailable+demoted_to=WhyThis	-	-	-	FEN-only IQP simplification candidate; no same-branch owner proof.
screen-K09I	screen:C:simplification_candidate	Suppressed	fen_only_owner_path_missing	-	-	-	-	false	WhyThis:missing_move_owner | WhatMattersHere:position_probe_missing | WhatChanged:state_truth_only | WhyNow:generic_urgency_only+demotion_intentional_drop+demote_target_unavailable+demoted_to=WhyThis	-	-	-	FEN-only IQP simplification candidate; no same-branch owner proof.
screen-K08B	screen:C:attacker_trade_candidate	Suppressed	fen_only_owner_path_missing	-	-	-	-	false	WhyThis:missing_move_owner | WhatMattersHere:position_probe_missing | WhatChanged:state_truth_only | WhyNow:generic_urgency_only+demotion_intentional_drop+demote_target_unavailable+demoted_to=WhyThis	-	-	-	FEN-only attacking-piece trade candidate; no root PV owner proof.
screen-K08C	screen:C:attacker_trade_candidate	Suppressed	fen_only_owner_path_missing	-	-	-	-	false	WhyThis:missing_move_owner | WhatMattersHere:position_probe_missing | WhatChanged:state_truth_only | WhyNow:generic_urgency_only+demotion_intentional_drop+demote_target_unavailable+demoted_to=WhyThis	-	-	-	FEN-only attacking-piece trade candidate; no root PV owner proof.
screen-K08E	screen:C:attacker_trade_candidate	Suppressed	fen_only_owner_path_missing	-	-	-	-	false	WhyThis:missing_move_owner | WhatMattersHere:position_probe_missing | WhatChanged:state_truth_only | WhyNow:generic_urgency_only+demotion_intentional_drop+demote_target_unavailable+demoted_to=WhyThis	-	-	-	FEN-only attacking-piece trade candidate; no root PV owner proof.
screen-K08F	screen:C:attacker_trade_candidate	Suppressed	fen_only_owner_path_missing	-	-	-	-	false	WhyThis:missing_move_owner | WhatMattersHere:position_probe_missing | WhatChanged:state_truth_only | WhyNow:generic_urgency_only+demotion_intentional_drop+demote_target_unavailable+demoted_to=WhyThis	-	-	-	FEN-only attacking-piece trade candidate; no root PV owner proof.
screen-K08G	screen:C:attacker_trade_candidate	Suppressed	fen_only_owner_path_missing	-	-	-	-	false	WhyThis:missing_move_owner | WhatMattersHere:position_probe_missing | WhatChanged:state_truth_only | WhyNow:generic_urgency_only+demotion_intentional_drop+demote_target_unavailable+demoted_to=WhyThis	-	-	-	FEN-only attacking-piece trade candidate; no root PV owner proof.
priority-MI1	priority:C:simplification_conversion	CertifiedOwner	same_job_or_conversion_relabel_blocked	WhyThis:MoveDelta:target	This trade keeps the same local edge on c6.	This trade keeps the same local edge on c6. The practical alternative Nxc6 remains secondary here.	This trade keeps the same local edge on c6. The practical alternative Nxc6 remains secondary here.	false	WhatMattersHere:position_probe_missing	subplan:simplification_window	Releasable	none	PV-backed material-imbalance simplification candidate from PlanPriority FEN bank.
priority-MI4	priority:C:simplification_conversion	Suppressed	same_job_or_conversion_relabel_blocked	-	-	-	-	false	WhyThis:missing_move_owner | WhatMattersHere:position_probe_missing | WhatChanged:state_truth_only | WhyNow:admission_missing_owner_candidate+scene=quiet_improvement	-	-	-	PV-backed bishop-pawn simplification candidate from PlanPriority FEN bank.
priority-MR1	priority:C:tactical_first_blocker	Suppressed	tactical_truth_first	-	-	-	-	false	WhyThis:missing_move_owner | WhatMattersHere:position_probe_missing | WhatChanged:state_truth_only | WhyNow:generic_urgency_only+demotion_intentional_drop+demote_target_unavailable+demoted_to=WhyThis	-	-	-	PV-backed Hedgehog shell where a direct tactic leads over strategic background.
priority-MR2	priority:C:tactical_first_blocker	Suppressed	tactical_truth_first	-	-	-	-	false	WhyThis:missing_move_owner | WhatMattersHere:position_probe_missing | WhatChanged:state_truth_only | WhyNow:generic_urgency_only+demotion_intentional_drop+demote_target_unavailable+demoted_to=WhyThis	-	-	-	PV-backed open-file fight where a tactic leads over strategic background.
priority-MR3	priority:C:tactical_first_blocker	Suppressed	tactical_truth_first	-	-	-	-	false	WhyThis:missing_move_owner | WhatMattersHere:position_probe_missing | WhatChanged:state_truth_only | WhyNow:admission_missing_owner_candidate+scene=quiet_improvement	-	-	-	PV-backed Dragon shell where forcing line leads over strategic background.
priority-TO1	priority:C:tactical_override	Suppressed	tactical_truth_first	-	-	-	-	false	WhyThis:missing_move_owner | WhatMattersHere:position_probe_missing | WhatChanged:state_truth_only | WhyNow:admission_missing_owner_candidate+scene=quiet_improvement	-	-	-	PV-backed won-pawn continuation from tactical override bank.
priority-SC2	priority:B:compensation_target_pressure	Suppressed	compensation_target_pressure_boundary	-	-	-	-	false	WhyThis:missing_move_owner | WhatMattersHere:position_probe_missing | WhatChanged:state_truth_only | WhyNow:admission_missing_owner_candidate+scene=quiet_improvement	-	-	-	PV-backed strategic-compensation weakness-fixation candidate.
priority-SC3	priority:B:compensation_target_pressure	Suppressed	compensation_target_pressure_boundary	-	-	-	-	false	WhyThis:missing_move_owner | WhatMattersHere:position_probe_missing | WhatChanged:state_truth_only | WhyNow:generic_urgency_only+demotion_intentional_drop+demote_target_unavailable+demoted_to=WhyThis	-	-	-	PV-backed Benko compensation weakness-fixation candidate.
priority-SC4	priority:B:compensation_target_pressure	Suppressed	compensation_target_pressure_boundary	-	-	-	-	false	WhyThis:missing_move_owner | WhatMattersHere:position_probe_missing | WhatChanged:state_truth_only | WhyNow:generic_urgency_only+demotion_intentional_drop+demote_target_unavailable+demoted_to=WhyThis	-	-	-	PV-backed Benko bishop-pressure weakness-fixation candidate.
priority-SC5	priority:B:compensation_target_pressure	Suppressed	compensation_target_pressure_boundary	-	-	-	-	false	WhyThis:missing_move_owner | WhatMattersHere:position_probe_missing | WhatChanged:state_truth_only | WhyNow:admission_missing_owner_candidate+scene=quiet_improvement	-	-	-	PV-backed Blumenfeld pressure candidate.
priority-SC6	priority:B:compensation_target_pressure	Suppressed	compensation_target_pressure_boundary	-	-	-	-	false	WhyThis:missing_move_owner | WhatMattersHere:position_probe_missing | WhatChanged:state_truth_only | WhyNow:admission_missing_owner_candidate+scene=quiet_improvement	-	-	-	PV-backed Blumenfeld initiative candidate.
B15A-supported-local-soft	B:softened_fixed_target	SupportedLocal	weak_owner_path	WhatMattersHere:PositionProbe:carlsbad_fixed_target_probe	A local reading is that c6 is the fixed target.	A local reading is that c6 is the fixed target.	A local reading is that c6 is the fixed target.	false	WhyThis:missing_move_owner | WhatChanged:state_truth_only | WhyNow:admission_missing_owner_candidate+scene=quiet_improvement	subplan:backward_pawn_targeting	Releasable	witness:branch_not_proven+witness:persistence_not_stable	Same real B15A board/PV with exact owner path deliberately weakened.
K09B-supported-local-soft	C:softened_simplification	SupportedLocal	weak_owner_path	WhyThis:MoveDelta:target	A local reading is that this trade keeps the same local edge on e6.	A local reading is that this trade keeps the same local edge on e6.	A local reading is that this trade keeps the same local edge on e6.	false	WhatMattersHere:position_probe_missing | WhyNow:admission_missing_owner_candidate+scene=quiet_improvement	subplan:simplification_window	Releasable	witness:branch_not_proven+witness:persistence_not_stable	Same real K09B board/PV with simplification owner path deliberately weakened.
iqp-supported-local-control	C:iqp_inducement_control	SupportedLocal	iqp_inducement_supported_local	WhyThis:MoveDelta:iqp_inducement_probe	A local reading is that this sequence leaves an isolated pawn as the local target.	A local reading is that this sequence leaves an isolated pawn as the local target.	A local reading is that this sequence leaves an isolated pawn as the local target.	false	WhatMattersHere:position_probe_missing	subplan:iqp_inducement	Releasable	none	Controlled exact board/PV where the sequence leaves an opponent isolated pawn.
break-prevention-supported-local-control	A:break_prevention_control	SupportedLocal	break_prevention_supported_local	WhyThis:MoveDelta:counterplay_axis_suppression	A local reading is that this keeps ...c5 from coming right away.	A local reading is that this keeps ...c5 from coming right away.	A local reading is that this keeps ...c5 from coming right away.	false	WhatMattersHere:position_probe_missing | WhyNow:admission_missing_owner_candidate+scene=quiet_improvement	runtime:neutralize_key_break	Releasable	witness:branch_not_proven+witness:persistence_not_stable	Controlled exact board/PV where a named key break is locally neutralized, then deliberately weakened to SupportedLocal.
B15A-tactical-veto	negative:tactical_veto	TacticalVeto	tactical_truth_first	-	-	-	This is a blunder, and the tactical point has to come first.	false	WhyThis:missing_move_owner | WhatMattersHere:strategic_claim_tactical_veto+truth_contract_blunder+truth_contract_tactical_refutation+truth_contract_tactical_failure_mode+context_severe_counterfactual | WhatChanged:state_truth_only | WhyNow:admission_SupportOnly+forcing_defense_support_only_outside_forcing_scene+scene=tactical_failure+planner_owner=ForcingDefense+planner_source=threat	subplan:backward_pawn_targeting	Releasable	none	Same B15A strategic row under tactical failure.
B16B-tactical-veto	negative:tactical_veto	TacticalVeto	tactical_truth_first	-	-	-	This is a blunder, and the tactical point has to come first.	false	WhyThis:missing_move_owner | WhatMattersHere:strategic_claim_tactical_veto+truth_contract_blunder+truth_contract_tactical_refutation+truth_contract_tactical_failure_mode+context_severe_counterfactual | WhatChanged:state_truth_only | WhyNow:generic_urgency_only+demotion_intentional_drop+demote_target_unavailable+demoted_to=WhyThis	subplan:backward_pawn_targeting	Releasable	none	Same B16B strategic row under tactical failure.
K09A-tactical-veto	negative:tactical_veto	TacticalVeto	tactical_truth_first	-	-	-	This is a blunder, and the tactical point has to come first.	false	WhyThis:missing_move_owner | WhatMattersHere:strategic_claim_tactical_veto+truth_contract_blunder+truth_contract_tactical_refutation+truth_contract_tactical_failure_mode+context_severe_counterfactual | WhatChanged:state_truth_only | WhyNow:generic_urgency_only+demotion_intentional_drop+demote_target_unavailable+demoted_to=WhyThis	runtime:target_focused_coordination	Releasable	none	Same K09A coordination row under tactical failure.
K09B-tactical-veto	negative:tactical_veto	TacticalVeto	tactical_truth_first	-	-	-	This is a blunder, and the tactical point has to come first. a) Line: a) Nxe6 fxe6 Rad1.	false	WhatMattersHere:position_probe_missing | WhyThis:admission_SupportOnly+move_delta_support_only_outside_quiet_or_conversion_scene+scene=tactical_failure+planner_owner=MoveDelta+planner_source=target | WhatChanged:admission_SupportOnly+move_delta_support_only_outside_quiet_or_conversion_scene+scene=tactical_failure+planner_owner=MoveDelta+planner_source=target | WhyNow:admission_SupportOnly+forcing_defense_support_only_outside_forcing_scene+scene=tactical_failure+planner_owner=ForcingDefense+planner_source=threat	subplan:simplification_window	Releasable	none	Same K09B simplification row under tactical failure.
K09F-tactical-veto	negative:tactical_veto	TacticalVeto	tactical_truth_first	-	-	-	This is a blunder, and the tactical point has to come first. a) Line: a) Nxe6 fxe6 Bh3.	false	WhatMattersHere:position_probe_missing | WhyThis:admission_SupportOnly+move_delta_support_only_outside_quiet_or_conversion_scene+scene=tactical_failure+planner_owner=MoveDelta+planner_source=target | WhatChanged:admission_SupportOnly+move_delta_support_only_outside_quiet_or_conversion_scene+scene=tactical_failure+planner_owner=MoveDelta+planner_source=target | WhyThis:admission_SupportOnly+move_delta_support_only_outside_quiet_or_conversion_scene+scene=tactical_failure+planner_owner=MoveDelta+planner_source=target	subplan:simplification_window	Releasable	none	Same K09F simplification row under tactical failure.
break-prevention-tactical-veto	negative:break_prevention_tactical_veto	TacticalVeto	tactical_truth_first	-	-	23... c8: This is a pawn move to c8.	This is a blunder, and the tactical point has to come first.	false	WhatMattersHere:position_probe_missing | WhyThis:admission_SupportOnly+move_delta_support_only_outside_quiet_or_conversion_scene+scene=tactical_failure+planner_owner=MoveDelta+planner_source=target | WhatChanged:admission_SupportOnly+move_delta_support_only_outside_quiet_or_conversion_scene+scene=tactical_failure+planner_owner=MoveDelta+planner_source=target | WhyNow:admission_missing_owner_candidate+scene=tactical_failure	runtime:neutralize_key_break	Releasable	witness:branch_not_proven+witness:persistence_not_stable	Same named-break control under explicit tactical failure.
break-prevention-missing-witness-control	negative:break_prevention_missing_witness	Suppressed	owner:break_prevention_witness_missing	-	-	23... c8: This is a pawn move to c8.	This is a pawn move to c8.	false	WhyThis:missing_move_owner | WhatMattersHere:position_probe_missing | WhatChanged:state_truth_only | WhyNow:generic_urgency_only+demotion_intentional_drop+demote_target_unavailable+demoted_to=WhyThis	-	-	-	Named-break shell with the best-defense branch witness missing.
break-prevention-rival-relabel-control	negative:break_prevention_rival_or_relabel	Suppressed	owner:break_prevention_rival_or_relabel	-	-	23... c8: This is a pawn move to c8.	This is a pawn move to c8.	false	WhyThis:missing_move_owner | WhatMattersHere:position_probe_missing | WhatChanged:state_truth_only | WhyNow:generic_urgency_only+demotion_intentional_drop+demote_target_unavailable+demoted_to=WhyThis	-	-	-	Named-break shell blocked by release-risk rather than promoted as generic counterplay prose.
prophylaxis-restraint-supported-local-control	A:prophylaxis_restraint_control	SupportedLocal	prophylaxis_restraint_supported_local	WhyThis:MoveDelta:prophylactic_move	A local reading is that this slows down queenside counterplay before it gets started.	A local reading is that this slows down queenside counterplay before it gets started.	A local reading is that this slows down queenside counterplay before it gets started.	false		runtime:counterplay_restraint	Releasable	none	Controlled exact board/PV where a named counterplay resource is locally restrained.
prophylaxis-restraint-tactical-veto	negative:prophylaxis_restraint_tactical_veto	TacticalVeto	tactical_truth_first	-	-	12. a3: This is a pawn move to a3.	This is a blunder, and the tactical point has to come first.	false	WhyThis:admission_SupportOnly+move_delta_support_only_outside_quiet_or_conversion_scene+scene=tactical_failure+planner_owner=MoveDelta+planner_source=target	runtime:counterplay_restraint	Releasable	none	Same prophylaxis-restraint control under explicit tactical failure.
prophylaxis-restraint-missing-witness-control	negative:prophylaxis_restraint_missing_witness	Suppressed	owner:prophylaxis_restraint_witness_missing	-	-	12. a3: This is a pawn move to a3.	This is a pawn move to a3.	false	WhyThis:missing_move_owner	-	-	-	Named counterplay-restraint shell missing the best-defense branch witness.
prophylaxis-restraint-rival-relabel-control	negative:prophylaxis_restraint_rival_or_relabel	Suppressed	owner:prophylaxis_restraint_rival_or_relabel	-	-	12. a3: This is a pawn move to a3.	This is a pawn move to a3.	false	WhyThis:missing_move_owner	-	-	-	Named counterplay-restraint shell blocked by move-order release risk.
priority-MR1-tactical-veto	negative:tactical_veto	Suppressed	tactical_truth_first	-	-	-	This is a blunder, and the tactical point has to come first.	false	WhyThis:missing_move_owner | WhatMattersHere:position_probe_missing | WhatChanged:state_truth_only | WhyNow:generic_urgency_only+demotion_intentional_drop+demote_target_unavailable+demoted_to=WhyThis	-	-	-	PlanPriority MR1 under explicit tactical failure.
priority-MR2-tactical-veto	negative:tactical_veto	Suppressed	tactical_truth_first	-	-	-	This is a blunder, and the tactical point has to come first.	false	WhyThis:missing_move_owner | WhatMattersHere:position_probe_missing | WhatChanged:state_truth_only | WhyNow:generic_urgency_only+demotion_intentional_drop+demote_target_unavailable+demoted_to=WhyThis	-	-	-	PlanPriority MR2 under explicit tactical failure.
priority-TO1-tactical-veto	negative:tactical_veto	Suppressed	tactical_truth_first	-	-	-	This is a blunder, and the tactical point has to come first. a) Line: a) Ne5 Bxd6 Nxd7.	false	WhyThis:missing_move_owner | WhatMattersHere:position_probe_missing | WhatChanged:state_truth_only | WhyNow:admission_SupportOnly+forcing_defense_support_only_outside_forcing_scene+scene=tactical_failure+planner_owner=ForcingDefense+planner_source=threat	-	-	-	PlanPriority TO1 under explicit tactical failure.
B15A-supported-local-veto	negative:softened_tactical_veto	TacticalVeto	tactical_truth_first	-	-	-	This is a blunder, and the tactical point has to come first.	false	WhyThis:missing_move_owner | WhatMattersHere:strategic_claim_tactical_veto+truth_contract_blunder+truth_contract_tactical_refutation+truth_contract_tactical_failure_mode+context_severe_counterfactual | WhatChanged:state_truth_only | WhyNow:admission_SupportOnly+forcing_defense_support_only_outside_forcing_scene+scene=tactical_failure+planner_owner=ForcingDefense+planner_source=threat	subplan:backward_pawn_targeting	Releasable	witness:branch_not_proven+witness:persistence_not_stable	Same softened B15A row under tactical failure.